"~id","~start_node_id","~end_node_id","~relationship_type"
"0","6","36","PRESENTED"
"1","3","37","PRESENTED"
"2","11","38","PRESENTED"
"4","1","40","PRESENTED"
"5","2","42","PRESENTED"
"6","0","47","PRESENTED"
"7","1","48","PRESENTED"
"8","1","49","PRESENTED"
"9","3","50","PRESENTED"
"10","6","51","PRESENTED"
"11","8","52","PRESENTED"
"12","5","54","PRESENTED"
"13","8","53","PRESENTED"
"14","6","55","PRESENTED"
"15","0","56","PRESENTED"
"16","1","57","PRESENTED"
"17","6","58","PRESENTED"
"18","3","59","PRESENTED"
"19","0","60","PRESENTED"
"20","2","61","PRESENTED"
"21","0","62","PRESENTED"
"22","1","63","PRESENTED"
"23","23","64","PRESENTED"
"24","5","65","PRESENTED"
"25","1","66","PRESENTED"
"26","3","67","PRESENTED"
"27","19","68","PRESENTED"
"28","0","70","PRESENTED"
"29","3","69","PRESENTED"
"30","6","71","PRESENTED"
"31","1","72","PRESENTED"
"32","1","73","PRESENTED"
"33","1","74","PRESENTED"
"34","0","75","PRESENTED"
"35","0","76","PRESENTED"
"36","1","77","PRESENTED"
"37","12","79","PRESENTED"
"38","2","80","PRESENTED"
"39","1","81","PRESENTED"
"40","1","82","PRESENTED"
"41","2","83","PRESENTED"
"42","16","84","PRESENTED"
"43","0","85","PRESENTED"
"44","1","86","PRESENTED"
"46","1","88","PRESENTED"
"47","1","89","PRESENTED"
"48","1","90","PRESENTED"
"50","0","92","PRESENTED"
"51","1","93","PRESENTED"
"52","1","94","PRESENTED"
"53","5","95","PRESENTED"
"54","2","97","PRESENTED"
"55","0","98","PRESENTED"
"56","0","99","PRESENTED"
"57","0","100","PRESENTED"
"58","0","101","PRESENTED"
"59","1","102","PRESENTED"
"60","0","103","PRESENTED"
"61","24","105","PRESENTED"
"62","10","104","PRESENTED"
"63","1","107","PRESENTED"
"64","2","109","PRESENTED"
"65","0","110","PRESENTED"
"66","3","111","PRESENTED"
"67","1","112","PRESENTED"
"68","1","113","PRESENTED"
"69","9","114","PRESENTED"
"70","1","116","PRESENTED"
"71","1","117","PRESENTED"
"72","2","118","PRESENTED"
"73","1","119","PRESENTED"
"74","1","120","PRESENTED"
"75","1","122","PRESENTED"
"76","0","124","PRESENTED"
"77","4","126","PRESENTED"
"78","0","125","PRESENTED"
"79","6","127","PRESENTED"
"80","4","128","PRESENTED"
"81","5","130","PRESENTED"
"82","0","131","PRESENTED"
"83","15","132","PRESENTED"
"84","0","133","PRESENTED"
"85","0","134","PRESENTED"
"86","6","135","PRESENTED"
"87","1","136","PRESENTED"
"89","2","138","PRESENTED"
"90","1","139","PRESENTED"
"91","2","144","PRESENTED"
"92","3","145","PRESENTED"
"93","0","146","PRESENTED"
"94","2","147","PRESENTED"
"96","3","150","PRESENTED"
"97","1","149","PRESENTED"
"98","1","151","PRESENTED"
"99","3","152","PRESENTED"
"100","1","153","PRESENTED"
"101","1","155","PRESENTED"
"102","5","156","PRESENTED"
"103","1","157","PRESENTED"
"104","2","158","PRESENTED"
"105","0","159","PRESENTED"
"106","3","160","PRESENTED"
"107","1","161","PRESENTED"
"108","6","162","PRESENTED"
"109","1","163","PRESENTED"
"110","0","164","PRESENTED"
"111","1","165","PRESENTED"
"112","17","167","PRESENTED"
"113","2","169","PRESENTED"
"114","1","168","PRESENTED"
"115","0","170","PRESENTED"
"116","0","171","PRESENTED"
"117","3","172","PRESENTED"
"118","3","173","PRESENTED"
"119","3","174","PRESENTED"
"120","0","176","PRESENTED"
"121","0","177","PRESENTED"
"122","9","179","PRESENTED"
"123","2","180","PRESENTED"
"124","0","181","PRESENTED"
"125","1","182","PRESENTED"
"126","0","183","PRESENTED"
"127","0","184","PRESENTED"
"128","11","185","PRESENTED"
"129","18","186","PRESENTED"
"130","4","187","PRESENTED"
"131","1","188","PRESENTED"
"132","4","189","PRESENTED"
"133","2","190","PRESENTED"
"134","1","192","PRESENTED"
"135","0","193","PRESENTED"
"136","25","194","PRESENTED"
"138","0","196","PRESENTED"
"139","1","197","PRESENTED"
"140","6","198","PRESENTED"
"142","0","201","PRESENTED"
"143","0","202","PRESENTED"
"144","7","203","PRESENTED"
"145","2","204","PRESENTED"
"146","1","206","PRESENTED"
"147","0","205","PRESENTED"
"148","8","208","PRESENTED"
"149","0","207","PRESENTED"
"150","5","209","PRESENTED"
"151","0","210","PRESENTED"
"152","0","213","PRESENTED"
"153","0","212","PRESENTED"
"154","7","214","PRESENTED"
"155","1","215","PRESENTED"
"156","30","216","PRESENTED"
"157","0","219","PRESENTED"
"158","1","221","PRESENTED"
"159","1","222","PRESENTED"
"160","1","223","PRESENTED"
"161","1","224","PRESENTED"
"162","0","225","PRESENTED"
"163","0","226","PRESENTED"
"164","1","228","PRESENTED"
"165","0","227","PRESENTED"
"166","1","229","PRESENTED"
"167","1","230","PRESENTED"
"168","0","231","PRESENTED"
"169","1","232","PRESENTED"
"170","3","233","PRESENTED"
"171","4","234","PRESENTED"
"172","5","236","PRESENTED"
"173","0","237","PRESENTED"
"174","0","238","PRESENTED"
"175","4","239","PRESENTED"
"176","15","240","PRESENTED"
"177","1","242","PRESENTED"
"178","10","243","PRESENTED"
"179","9","246","PRESENTED"
"180","1","245","PRESENTED"
"181","0","247","PRESENTED"
"182","3","249","PRESENTED"
"183","0","248","PRESENTED"
"184","0","250","PRESENTED"
"185","4","252","PRESENTED"
"186","4","251","PRESENTED"
"187","34","253","PRESENTED"
"189","0","255","PRESENTED"
"190","0","256","PRESENTED"
"191","3","257","PRESENTED"
"192","0","259","PRESENTED"
"193","2","258","PRESENTED"
"194","7","261","PRESENTED"
"195","0","260","PRESENTED"
"196","1","262","PRESENTED"
"197","2","263","PRESENTED"
"198","3","264","PRESENTED"
"199","1","265","PRESENTED"
"200","5","267","PRESENTED"
"201","0","268","PRESENTED"
"202","2","269","PRESENTED"
"203","1","270","PRESENTED"
"204","1","271","PRESENTED"
"205","0","272","PRESENTED"
"206","4","273","PRESENTED"
"207","4","274","PRESENTED"
"208","9","276","PRESENTED"
"209","2","277","PRESENTED"
"210","0","278","PRESENTED"
"211","1","279","PRESENTED"
"212","1","280","PRESENTED"
"213","1","281","PRESENTED"
"214","1","282","PRESENTED"
"215","0","283","PRESENTED"
"216","0","284","PRESENTED"
"217","6","285","PRESENTED"
"218","1","286","PRESENTED"
"219","22","287","PRESENTED"
"220","9","288","PRESENTED"
"221","0","289","PRESENTED"
"222","2","290","PRESENTED"
"223","1","292","PRESENTED"
"224","2","291","PRESENTED"
"225","2","293","PRESENTED"
"226","2","294","PRESENTED"
"227","3","295","PRESENTED"
"228","3","296","PRESENTED"
"229","14","298","PRESENTED"
"230","0","299","PRESENTED"
"231","7","300","PRESENTED"
"232","0","302","PRESENTED"
"233","0","301","PRESENTED"
"234","9","303","PRESENTED"
"235","1","304","PRESENTED"
"236","2","305","PRESENTED"
"237","3","306","PRESENTED"
"238","1","307","PRESENTED"
"239","1","308","PRESENTED"
"240","11","309","PRESENTED"
"241","0","310","PRESENTED"
"242","0","311","PRESENTED"
"243","0","312","PRESENTED"
"244","15","314","PRESENTED"
"245","5","315","PRESENTED"
"246","0","316","PRESENTED"
"247","20","317","PRESENTED"
"248","5","318","PRESENTED"
"250","2","320","PRESENTED"
"251","2","321","PRESENTED"
"252","1","322","PRESENTED"
"253","1","323","PRESENTED"
"254","1","324","PRESENTED"
"255","4","325","PRESENTED"
"256","4","327","PRESENTED"
"257","3","328","PRESENTED"
"258","4","332","PRESENTED"
"259","4","333","PRESENTED"
"260","4","331","PRESENTED"
"261","4","330","PRESENTED"
"262","4","329","PRESENTED"
"263","9","335","PRESENTED"
"264","9","334","PRESENTED"
"265","9","338","PRESENTED"
"267","3","336","PRESENTED"
"268","18","339","PRESENTED"
"269","7","340","PRESENTED"
"270","6","342","PRESENTED"
"271","6","341","PRESENTED"
"272","9","343","PRESENTED"
"273","0","344","PRESENTED"
"274","0","345","PRESENTED"
"275","5","349","PRESENTED"
"276","0","348","PRESENTED"
"278","3","351","PRESENTED"
"279","3","352","PRESENTED"
"280","1","355","PRESENTED"
"281","0","357","PRESENTED"
"282","0","358","PRESENTED"
"283","1","359","PRESENTED"
"285","7","361","PRESENTED"
"286","1","362","PRESENTED"
"288","1","366","PRESENTED"
"289","1","365","PRESENTED"
"290","4","367","PRESENTED"
"291","5","368","PRESENTED"
"292","1","369","PRESENTED"
"293","7","370","PRESENTED"
"294","0","371","PRESENTED"
"295","2","372","PRESENTED"
"296","13","373","PRESENTED"
"298","1","375","PRESENTED"
"299","1","376","PRESENTED"
"300","1","377","PRESENTED"
"301","12","378","PRESENTED"
"302","5","379","PRESENTED"
"303","1","380","PRESENTED"
"304","1","381","PRESENTED"
"305","0","382","PRESENTED"
"306","0","383","PRESENTED"
"307","5","384","PRESENTED"
"308","5","386","PRESENTED"
"309","0","385","PRESENTED"
"311","1","389","PRESENTED"
"312","5","390","PRESENTED"
"313","1","391","PRESENTED"
"314","0","392","PRESENTED"
"315","2","394","PRESENTED"
"316","21","395","PRESENTED"
"317","1","396","PRESENTED"
"318","0","397","PRESENTED"
"319","12","398","PRESENTED"
"320","0","400","PRESENTED"
"321","10","401","PRESENTED"
"322","11","402","PRESENTED"
"323","1","404","PRESENTED"
"324","2","405","PRESENTED"
"325","10","407","PRESENTED"
"326","0","408","PRESENTED"
"327","6","410","PRESENTED"
"328","1","409","PRESENTED"
"329","32","412","PRESENTED"
"330","2","411","PRESENTED"
"331","1","414","PRESENTED"
"332","0","415","PRESENTED"
"333","1","416","PRESENTED"
"334","8","420","PRESENTED"
"335","1","419","PRESENTED"
"336","0","418","PRESENTED"
"337","8","423","PRESENTED"
"338","1","424","PRESENTED"
"339","1","425","PRESENTED"
"340","0","426","PRESENTED"
"341","0","428","PRESENTED"
"343","0","430","PRESENTED"
"344","1","431","PRESENTED"
"345","1","432","PRESENTED"
"346","1","433","PRESENTED"
"347","31","435","PRESENTED"
"348","0","436","PRESENTED"
"349","2","437","PRESENTED"
"351","1","439","PRESENTED"
"352","1","440","PRESENTED"
"353","0","441","PRESENTED"
"354","0","442","PRESENTED"
"355","0","444","PRESENTED"
"356","1","445","PRESENTED"
"357","10","446","PRESENTED"
"358","0","447","PRESENTED"
"359","10","450","PRESENTED"
"360","10","451","PRESENTED"
"361","0","452","PRESENTED"
"362","6","455","PRESENTED"
"363","1","456","PRESENTED"
"364","4","457","PRESENTED"
"366","2","459","PRESENTED"
"368","8","462","PRESENTED"
"369","0","463","PRESENTED"
"370","16","464","PRESENTED"
"371","0","465","PRESENTED"
"372","0","466","PRESENTED"
"373","2","467","PRESENTED"
"374","1","469","PRESENTED"
"375","1","470","PRESENTED"
"377","14","472","PRESENTED"
"378","3","474","PRESENTED"
"379","1","473","PRESENTED"
"380","0","266","PRESENTED"
"381","0","476","PRESENTED"
"382","12","477","PRESENTED"
"383","0","478","PRESENTED"
"384","14","479","PRESENTED"
"385","0","480","PRESENTED"
"386","11","481","PRESENTED"
"387","8","482","PRESENTED"
"388","12","483","PRESENTED"
"389","0","484","PRESENTED"
"390","1","485","PRESENTED"
"391","13","486","PRESENTED"
"392","1","488","PRESENTED"
"393","0","489","PRESENTED"
"394","3","490","PRESENTED"
"395","4","491","PRESENTED"
"396","1","492","PRESENTED"
"397","5","493","PRESENTED"
"398","0","495","PRESENTED"
"399","2","346","PRESENTED"
"400","2","297","PRESENTED"
"401","2","388","PRESENTED"
"402","2","326","PRESENTED"
"403","2","121","PRESENTED"
"404","2","108","PRESENTED"
"405","2","178","PRESENTED"
"406","2","166","PRESENTED"
"407","2","393","PRESENTED"
"408","2","475","PRESENTED"
"409","2","313","PRESENTED"
"410","2","96","PRESENTED"
"411","2","449","PRESENTED"
"412","2","175","PRESENTED"
"413","2","218","PRESENTED"
"414","2","115","PRESENTED"
"415","2","220","PRESENTED"
"416","2","434","PRESENTED"
"417","2","129","PRESENTED"
"418","2","244","PRESENTED"
"420","2","143","PRESENTED"
"421","2","422","PRESENTED"
"422","2","106","PRESENTED"
"423","2","468","PRESENTED"
"424","2","413","PRESENTED"
"425","2","353","PRESENTED"
"426","2","41","PRESENTED"
"427","2","154","PRESENTED"
"428","27","399","PRESENTED"
"429","2","406","PRESENTED"
"430","2","354","PRESENTED"
"431","2","241","PRESENTED"
"432","2","45","PRESENTED"
"433","2","191","PRESENTED"
"434","2","199","PRESENTED"
"435","2","363","PRESENTED"
"436","2","123","PRESENTED"
"437","2","356","PRESENTED"
"438","2","454","PRESENTED"
"439","2","448","PRESENTED"
"440","2","211","PRESENTED"
"441","2","275","PRESENTED"
"442","2","453","PRESENTED"
"443","27","347","PRESENTED"
"444","2","235","PRESENTED"
"445","2","494","PRESENTED"
"446","2","44","PRESENTED"
"447","2","403","PRESENTED"
"448","2","487","PRESENTED"
"449","2","43","PRESENTED"
"450","2","417","PRESENTED"
"451","12","140","PRESENTED"
"452","12","46","PRESENTED"
"453","12","421","PRESENTED"
"454","12","141","PRESENTED"
"455","12","78","PRESENTED"
"456","12","142","PRESENTED"
"457","18","427","PRESENTED"
"458","1","443","PRESENTED"
"459","0","217","PRESENTED"
"460","35","496","PRESENTED"
"461","34","497","PRESENTED"
"462","34","498","PRESENTED"
"463","34","499","PRESENTED"
"464","7","500","PRESENTED"
"465","2","501","PRESENTED"
"466","34","502","PRESENTED"
"467","2","503","PRESENTED"
"468","2","504","PRESENTED"
"469","34","505","PRESENTED"
"470","35","506","PRESENTED"
"471","1146","161","EXHIBITED_IN"
"472","983","355","EXHIBITED_IN"
"473","860","48","EXHIBITED_IN"
"474","1148","139","EXHIBITED_IN"
"475","636","136","EXHIBITED_IN"
"476","945","40","EXHIBITED_IN"
"477","629","89","EXHIBITED_IN"
"478","733","380","EXHIBITED_IN"
"479","554","214","EXHIBITED_IN"
"480","1208","214","EXHIBITED_IN"
"481","896","214","EXHIBITED_IN"
"482","1133","214","EXHIBITED_IN"
"483","825","214","EXHIBITED_IN"
"484","1059","214","EXHIBITED_IN"
"485","756","214","EXHIBITED_IN"
"486","861","214","EXHIBITED_IN"
"487","1164","214","EXHIBITED_IN"
"488","651","315","EXHIBITED_IN"
"489","1127","384","EXHIBITED_IN"
"490","1081","130","EXHIBITED_IN"
"491","1311","318","EXHIBITED_IN"
"492","655","493","EXHIBITED_IN"
"493","691","493","EXHIBITED_IN"
"494","800","493","EXHIBITED_IN"
"495","969","493","EXHIBITED_IN"
"496","1095","493","EXHIBITED_IN"
"497","1105","493","EXHIBITED_IN"
"498","1116","493","EXHIBITED_IN"
"499","1255","493","EXHIBITED_IN"
"500","1277","493","EXHIBITED_IN"
"501","1332","493","EXHIBITED_IN"
"502","673","127","EXHIBITED_IN"
"503","1245","55","EXHIBITED_IN"
"504","1077","285","EXHIBITED_IN"
"505","1219","464","EXHIBITED_IN"
"506","759","464","EXHIBITED_IN"
"507","682","464","EXHIBITED_IN"
"508","963","464","EXHIBITED_IN"
"509","726","464","EXHIBITED_IN"
"510","653","83","EXHIBITED_IN"
"511","753","144","EXHIBITED_IN"
"512","632","144","EXHIBITED_IN"
"513","1083","203","EXHIBITED_IN"
"514","1056","361","EXHIBITED_IN"
"515","962","240","EXHIBITED_IN"
"516","570","317","EXHIBITED_IN"
"517","561","317","EXHIBITED_IN"
"518","580","317","EXHIBITED_IN"
"519","582","402","EXHIBITED_IN"
"520","1129","132","EXHIBITED_IN"
"521","702","38","EXHIBITED_IN"
"522","679","38","EXHIBITED_IN"
"523","836","38","EXHIBITED_IN"
"524","997","481","EXHIBITED_IN"
"525","1209","185","EXHIBITED_IN"
"526","1280","185","EXHIBITED_IN"
"527","822","185","EXHIBITED_IN"
"528","964","185","EXHIBITED_IN"
"529","917","402","EXHIBITED_IN"
"530","1254","402","EXHIBITED_IN"
"531","520","402","EXHIBITED_IN"
"532","990","402","EXHIBITED_IN"
"533","777","81","EXHIBITED_IN"
"534","663","366","EXHIBITED_IN"
"535","758","149","EXHIBITED_IN"
"536","791","223","EXHIBITED_IN"
"537","967","153","EXHIBITED_IN"
"538","746","153","EXHIBITED_IN"
"539","862","153","EXHIBITED_IN"
"540","1212","153","EXHIBITED_IN"
"541","931","153","EXHIBITED_IN"
"542","1141","282","EXHIBITED_IN"
"543","1153","419","EXHIBITED_IN"
"544","901","416","EXHIBITED_IN"
"545","1173","224","EXHIBITED_IN"
"546","1188","224","EXHIBITED_IN"
"547","1319","224","EXHIBITED_IN"
"548","639","224","EXHIBITED_IN"
"549","1334","224","EXHIBITED_IN"
"550","1196","224","EXHIBITED_IN"
"551","1112","224","EXHIBITED_IN"
"552","1115","224","EXHIBITED_IN"
"553","724","224","EXHIBITED_IN"
"554","947","469","EXHIBITED_IN"
"555","642","221","EXHIBITED_IN"
"556","1006","440","EXHIBITED_IN"
"557","572","440","EXHIBITED_IN"
"558","838","122","EXHIBITED_IN"
"559","904","439","EXHIBITED_IN"
"560","1128","286","EXHIBITED_IN"
"561","813","73","EXHIBITED_IN"
"562","657","370","EXHIBITED_IN"
"563","595","452","EXHIBITED_IN"
"564","579","75","EXHIBITED_IN"
"565","873","159","EXHIBITED_IN"
"566","768","250","EXHIBITED_IN"
"567","943","408","EXHIBITED_IN"
"568","603","85","EXHIBITED_IN"
"569","806","489","EXHIBITED_IN"
"570","1071","99","EXHIBITED_IN"
"571","538","213","EXHIBITED_IN"
"572","574","311","EXHIBITED_IN"
"573","688","415","EXHIBITED_IN"
"574","771","283","EXHIBITED_IN"
"575","1074","110","EXHIBITED_IN"
"576","1317","100","EXHIBITED_IN"
"577","831","212","EXHIBITED_IN"
"578","1228","124","EXHIBITED_IN"
"579","608","382","EXHIBITED_IN"
"580","1048","183","EXHIBITED_IN"
"581","778","196","EXHIBITED_IN"
"582","933","170","EXHIBITED_IN"
"583","750","260","EXHIBITED_IN"
"584","1263","316","EXHIBITED_IN"
"585","932","316","EXHIBITED_IN"
"586","1009","131","EXHIBITED_IN"
"587","1132","256","EXHIBITED_IN"
"588","1026","134","EXHIBITED_IN"
"589","543","436","EXHIBITED_IN"
"590","1092","92","EXHIBITED_IN"
"591","745","302","EXHIBITED_IN"
"592","1020","302","EXHIBITED_IN"
"593","529","302","EXHIBITED_IN"
"594","1184","259","EXHIBITED_IN"
"595","1200","259","EXHIBITED_IN"
"596","952","259","EXHIBITED_IN"
"597","948","259","EXHIBITED_IN"
"598","809","259","EXHIBITED_IN"
"599","840","259","EXHIBITED_IN"
"600","889","259","EXHIBITED_IN"
"601","1265","259","EXHIBITED_IN"
"602","844","259","EXHIBITED_IN"
"603","548","259","EXHIBITED_IN"
"604","1341","259","EXHIBITED_IN"
"605","1201","259","EXHIBITED_IN"
"606","1222","259","EXHIBITED_IN"
"607","925","259","EXHIBITED_IN"
"608","1126","259","EXHIBITED_IN"
"609","1308","259","EXHIBITED_IN"
"610","509","259","EXHIBITED_IN"
"611","1281","201","EXHIBITED_IN"
"612","1336","201","EXHIBITED_IN"
"613","723","201","EXHIBITED_IN"
"614","1288","247","EXHIBITED_IN"
"615","692","480","EXHIBITED_IN"
"616","615","312","EXHIBITED_IN"
"617","687","444","EXHIBITED_IN"
"618","995","444","EXHIBITED_IN"
"619","1325","444","EXHIBITED_IN"
"620","916","444","EXHIBITED_IN"
"621","1150","444","EXHIBITED_IN"
"622","914","444","EXHIBITED_IN"
"623","1190","444","EXHIBITED_IN"
"624","1282","444","EXHIBITED_IN"
"625","918","444","EXHIBITED_IN"
"626","1091","444","EXHIBITED_IN"
"627","1058","202","EXHIBITED_IN"
"628","701","202","EXHIBITED_IN"
"629","877","284","EXHIBITED_IN"
"630","1061","358","EXHIBITED_IN"
"631","1073","495","EXHIBITED_IN"
"632","968","299","EXHIBITED_IN"
"633","566","62","EXHIBITED_IN"
"634","814","447","EXHIBITED_IN"
"635","1176","447","EXHIBITED_IN"
"636","780","441","EXHIBITED_IN"
"637","843","357","EXHIBITED_IN"
"638","804","385","EXHIBITED_IN"
"639","1338","385","EXHIBITED_IN"
"640","602","385","EXHIBITED_IN"
"641","1297","47","EXHIBITED_IN"
"642","671","47","EXHIBITED_IN"
"643","1016","47","EXHIBITED_IN"
"644","1266","47","EXHIBITED_IN"
"645","1242","47","EXHIBITED_IN"
"646","743","47","EXHIBITED_IN"
"647","868","310","EXHIBITED_IN"
"648","1017","383","EXHIBITED_IN"
"649","761","70","EXHIBITED_IN"
"650","787","463","EXHIBITED_IN"
"651","534","349","EXHIBITED_IN"
"652","617","349","EXHIBITED_IN"
"653","620","349","EXHIBITED_IN"
"654","668","349","EXHIBITED_IN"
"655","698","349","EXHIBITED_IN"
"656","699","349","EXHIBITED_IN"
"657","816","349","EXHIBITED_IN"
"658","849","349","EXHIBITED_IN"
"659","865","349","EXHIBITED_IN"
"660","870","349","EXHIBITED_IN"
"661","880","349","EXHIBITED_IN"
"662","908","349","EXHIBITED_IN"
"663","915","349","EXHIBITED_IN"
"664","928","349","EXHIBITED_IN"
"665","950","349","EXHIBITED_IN"
"666","966","349","EXHIBITED_IN"
"667","1068","349","EXHIBITED_IN"
"668","1064","349","EXHIBITED_IN"
"669","1079","349","EXHIBITED_IN"
"670","1117","349","EXHIBITED_IN"
"671","1123","349","EXHIBITED_IN"
"672","1160","349","EXHIBITED_IN"
"673","1189","349","EXHIBITED_IN"
"674","1197","349","EXHIBITED_IN"
"675","1202","349","EXHIBITED_IN"
"676","1229","349","EXHIBITED_IN"
"677","1232","349","EXHIBITED_IN"
"678","1248","349","EXHIBITED_IN"
"679","1261","349","EXHIBITED_IN"
"680","1271","349","EXHIBITED_IN"
"681","1275","349","EXHIBITED_IN"
"682","1293","349","EXHIBITED_IN"
"683","1296","349","EXHIBITED_IN"
"684","1337","349","EXHIBITED_IN"
"685","525","156","EXHIBITED_IN"
"686","594","156","EXHIBITED_IN"
"687","607","156","EXHIBITED_IN"
"688","627","156","EXHIBITED_IN"
"689","863","156","EXHIBITED_IN"
"690","560","156","EXHIBITED_IN"
"691","1043","156","EXHIBITED_IN"
"692","1158","156","EXHIBITED_IN"
"693","1295","156","EXHIBITED_IN"
"694","1330","156","EXHIBITED_IN"
"695","669","390","EXHIBITED_IN"
"696","612","95","EXHIBITED_IN"
"697","704","95","EXHIBITED_IN"
"698","728","95","EXHIBITED_IN"
"699","842","95","EXHIBITED_IN"
"700","898","95","EXHIBITED_IN"
"701","1005","95","EXHIBITED_IN"
"702","1042","95","EXHIBITED_IN"
"703","1289","95","EXHIBITED_IN"
"704","512","368","EXHIBITED_IN"
"705","528","368","EXHIBITED_IN"
"706","565","368","EXHIBITED_IN"
"707","604","368","EXHIBITED_IN"
"708","621","368","EXHIBITED_IN"
"709","730","368","EXHIBITED_IN"
"710","751","368","EXHIBITED_IN"
"711","913","368","EXHIBITED_IN"
"712","992","368","EXHIBITED_IN"
"713","1004","368","EXHIBITED_IN"
"714","1090","368","EXHIBITED_IN"
"715","1130","368","EXHIBITED_IN"
"716","1145","368","EXHIBITED_IN"
"717","974","368","EXHIBITED_IN"
"718","1175","368","EXHIBITED_IN"
"719","1205","368","EXHIBITED_IN"
"720","1246","368","EXHIBITED_IN"
"721","1270","368","EXHIBITED_IN"
"722","1050","54","EXHIBITED_IN"
"723","511","386","EXHIBITED_IN"
"724","521","386","EXHIBITED_IN"
"725","562","386","EXHIBITED_IN"
"726","590","386","EXHIBITED_IN"
"727","614","386","EXHIBITED_IN"
"728","644","386","EXHIBITED_IN"
"729","666","386","EXHIBITED_IN"
"730","675","386","EXHIBITED_IN"
"731","676","386","EXHIBITED_IN"
"732","677","386","EXHIBITED_IN"
"733","678","386","EXHIBITED_IN"
"734","695","386","EXHIBITED_IN"
"735","696","386","EXHIBITED_IN"
"736","707","386","EXHIBITED_IN"
"737","709","386","EXHIBITED_IN"
"738","711","386","EXHIBITED_IN"
"739","714","386","EXHIBITED_IN"
"740","720","386","EXHIBITED_IN"
"741","744","386","EXHIBITED_IN"
"742","748","386","EXHIBITED_IN"
"743","755","386","EXHIBITED_IN"
"744","808","386","EXHIBITED_IN"
"745","823","386","EXHIBITED_IN"
"746","824","386","EXHIBITED_IN"
"747","851","386","EXHIBITED_IN"
"748","924","386","EXHIBITED_IN"
"749","923","386","EXHIBITED_IN"
"750","936","386","EXHIBITED_IN"
"751","939","386","EXHIBITED_IN"
"752","985","386","EXHIBITED_IN"
"753","1041","386","EXHIBITED_IN"
"754","1087","386","EXHIBITED_IN"
"755","1089","386","EXHIBITED_IN"
"756","1096","386","EXHIBITED_IN"
"757","1100","386","EXHIBITED_IN"
"758","1102","386","EXHIBITED_IN"
"759","1187","386","EXHIBITED_IN"
"760","1240","386","EXHIBITED_IN"
"761","1258","386","EXHIBITED_IN"
"762","1274","386","EXHIBITED_IN"
"763","1284","386","EXHIBITED_IN"
"764","1300","386","EXHIBITED_IN"
"765","1326","386","EXHIBITED_IN"
"766","1340","386","EXHIBITED_IN"
"767","834","379","EXHIBITED_IN"
"768","1230","65","EXHIBITED_IN"
"769","1272","65","EXHIBITED_IN"
"770","1335","65","EXHIBITED_IN"
"771","542","65","EXHIBITED_IN"
"772","690","65","EXHIBITED_IN"
"773","588","65","EXHIBITED_IN"
"774","779","65","EXHIBITED_IN"
"775","1051","65","EXHIBITED_IN"
"776","1185","65","EXHIBITED_IN"
"777","735","65","EXHIBITED_IN"
"778","536","65","EXHIBITED_IN"
"779","624","65","EXHIBITED_IN"
"780","798","65","EXHIBITED_IN"
"781","888","65","EXHIBITED_IN"
"782","897","65","EXHIBITED_IN"
"783","1002","65","EXHIBITED_IN"
"784","1021","65","EXHIBITED_IN"
"785","1213","65","EXHIBITED_IN"
"786","514","65","EXHIBITED_IN"
"787","573","65","EXHIBITED_IN"
"788","585","65","EXHIBITED_IN"
"789","686","65","EXHIBITED_IN"
"790","785","65","EXHIBITED_IN"
"791","872","65","EXHIBITED_IN"
"792","885","65","EXHIBITED_IN"
"793","958","65","EXHIBITED_IN"
"794","976","65","EXHIBITED_IN"
"795","1054","65","EXHIBITED_IN"
"796","1093","65","EXHIBITED_IN"
"797","1104","65","EXHIBITED_IN"
"798","1109","65","EXHIBITED_IN"
"799","1165","65","EXHIBITED_IN"
"800","1236","65","EXHIBITED_IN"
"801","1264","65","EXHIBITED_IN"
"802","532","65","EXHIBITED_IN"
"803","613","65","EXHIBITED_IN"
"804","757","65","EXHIBITED_IN"
"805","812","65","EXHIBITED_IN"
"806","830","65","EXHIBITED_IN"
"807","853","65","EXHIBITED_IN"
"808","949","65","EXHIBITED_IN"
"809","1152","65","EXHIBITED_IN"
"810","1107","65","EXHIBITED_IN"
"811","784","65","EXHIBITED_IN"
"812","854","65","EXHIBITED_IN"
"813","874","65","EXHIBITED_IN"
"814","1075","65","EXHIBITED_IN"
"815","1076","65","EXHIBITED_IN"
"816","1206","113","EXHIBITED_IN"
"817","661","376","EXHIBITED_IN"
"818","1302","376","EXHIBITED_IN"
"819","946","376","EXHIBITED_IN"
"820","1290","376","EXHIBITED_IN"
"821","1094","376","EXHIBITED_IN"
"822","1328","376","EXHIBITED_IN"
"823","869","376","EXHIBITED_IN"
"824","881","376","EXHIBITED_IN"
"825","805","304","EXHIBITED_IN"
"826","563","432","EXHIBITED_IN"
"827","522","323","EXHIBITED_IN"
"828","616","323","EXHIBITED_IN"
"829","697","323","EXHIBITED_IN"
"830","1224","323","EXHIBITED_IN"
"831","1226","323","EXHIBITED_IN"
"832","1142","163","EXHIBITED_IN"
"833","1203","197","EXHIBITED_IN"
"834","984","279","EXHIBITED_IN"
"835","1008","279","EXHIBITED_IN"
"836","1309","279","EXHIBITED_IN"
"837","989","228","EXHIBITED_IN"
"838","1177","228","EXHIBITED_IN"
"839","1124","242","EXHIBITED_IN"
"840","802","431","EXHIBITED_IN"
"841","524","280","EXHIBITED_IN"
"842","544","280","EXHIBITED_IN"
"843","609","280","EXHIBITED_IN"
"844","571","280","EXHIBITED_IN"
"845","788","280","EXHIBITED_IN"
"846","935","280","EXHIBITED_IN"
"847","980","280","EXHIBITED_IN"
"848","1057","280","EXHIBITED_IN"
"849","1287","280","EXHIBITED_IN"
"850","1262","90","EXHIBITED_IN"
"851","909","63","EXHIBITED_IN"
"852","922","485","EXHIBITED_IN"
"853","998","445","EXHIBITED_IN"
"854","762","293","EXHIBITED_IN"
"855","776","293","EXHIBITED_IN"
"856","558","437","EXHIBITED_IN"
"857","587","437","EXHIBITED_IN"
"858","944","437","EXHIBITED_IN"
"859","1062","437","EXHIBITED_IN"
"860","1138","437","EXHIBITED_IN"
"861","1135","118","EXHIBITED_IN"
"862","855","118","EXHIBITED_IN"
"863","589","118","EXHIBITED_IN"
"864","623","118","EXHIBITED_IN"
"865","1053","118","EXHIBITED_IN"
"866","965","118","EXHIBITED_IN"
"867","578","118","EXHIBITED_IN"
"868","803","118","EXHIBITED_IN"
"869","664","118","EXHIBITED_IN"
"870","1250","118","EXHIBITED_IN"
"871","829","118","EXHIBITED_IN"
"872","630","405","EXHIBITED_IN"
"873","1001","405","EXHIBITED_IN"
"874","876","405","EXHIBITED_IN"
"875","1339","405","EXHIBITED_IN"
"876","546","405","EXHIBITED_IN"
"877","685","321","EXHIBITED_IN"
"878","866","321","EXHIBITED_IN"
"879","1047","320","EXHIBITED_IN"
"880","1147","320","EXHIBITED_IN"
"881","775","138","EXHIBITED_IN"
"882","1227","138","EXHIBITED_IN"
"883","749","258","EXHIBITED_IN"
"884","1045","258","EXHIBITED_IN"
"885","1193","258","EXHIBITED_IN"
"886","1037","258","EXHIBITED_IN"
"887","1179","258","EXHIBITED_IN"
"888","1235","258","EXHIBITED_IN"
"889","662","258","EXHIBITED_IN"
"890","911","258","EXHIBITED_IN"
"891","799","258","EXHIBITED_IN"
"892","1039","258","EXHIBITED_IN"
"893","1331","258","EXHIBITED_IN"
"894","540","291","EXHIBITED_IN"
"895","547","372","EXHIBITED_IN"
"896","1033","332","EXHIBITED_IN"
"897","650","332","EXHIBITED_IN"
"898","1131","332","EXHIBITED_IN"
"899","1018","332","EXHIBITED_IN"
"900","1239","332","EXHIBITED_IN"
"901","559","332","EXHIBITED_IN"
"902","1223","332","EXHIBITED_IN"
"903","1306","332","EXHIBITED_IN"
"904","794","333","EXHIBITED_IN"
"905","681","333","EXHIBITED_IN"
"906","815","333","EXHIBITED_IN"
"907","1125","333","EXHIBITED_IN"
"908","797","333","EXHIBITED_IN"
"909","1151","333","EXHIBITED_IN"
"910","1321","333","EXHIBITED_IN"
"911","1000","333","EXHIBITED_IN"
"912","792","333","EXHIBITED_IN"
"913","606","333","EXHIBITED_IN"
"914","732","333","EXHIBITED_IN"
"915","628","331","EXHIBITED_IN"
"916","553","331","EXHIBITED_IN"
"917","656","331","EXHIBITED_IN"
"918","519","330","EXHIBITED_IN"
"919","591","261","EXHIBITED_IN"
"920","665","261","EXHIBITED_IN"
"921","581","261","EXHIBITED_IN"
"922","684","261","EXHIBITED_IN"
"923","539","261","EXHIBITED_IN"
"924","879","261","EXHIBITED_IN"
"925","903","261","EXHIBITED_IN"
"926","648","261","EXHIBITED_IN"
"927","1070","261","EXHIBITED_IN"
"928","1019","261","EXHIBITED_IN"
"929","1035","261","EXHIBITED_IN"
"930","742","261","EXHIBITED_IN"
"931","1276","261","EXHIBITED_IN"
"932","907","329","EXHIBITED_IN"
"933","961","111","EXHIBITED_IN"
"934","1186","238","EXHIBITED_IN"
"935","672","370","EXHIBITED_IN"
"936","979","370","EXHIBITED_IN"
"937","584","314","EXHIBITED_IN"
"938","892","276","EXHIBITED_IN"
"939","767","114","EXHIBITED_IN"
"940","1299","114","EXHIBITED_IN"
"941","981","303","EXHIBITED_IN"
"942","564","249","EXHIBITED_IN"
"943","837","249","EXHIBITED_IN"
"944","1060","249","EXHIBITED_IN"
"945","1103","249","EXHIBITED_IN"
"946","1086","249","EXHIBITED_IN"
"947","1032","86","EXHIBITED_IN"
"948","1286","86","EXHIBITED_IN"
"949","1080","420","EXHIBITED_IN"
"950","1303","420","EXHIBITED_IN"
"951","1322","420","EXHIBITED_IN"
"952","641","420","EXHIBITED_IN"
"953","1244","420","EXHIBITED_IN"
"954","1011","420","EXHIBITED_IN"
"955","1119","423","EXHIBITED_IN"
"956","1118","423","EXHIBITED_IN"
"957","820","423","EXHIBITED_IN"
"958","955","203","EXHIBITED_IN"
"959","890","203","EXHIBITED_IN"
"960","1036","203","EXHIBITED_IN"
"961","766","203","EXHIBITED_IN"
"962","667","172","EXHIBITED_IN"
"963","1029","172","EXHIBITED_IN"
"964","1268","172","EXHIBITED_IN"
"965","596","305","EXHIBITED_IN"
"966","597","305","EXHIBITED_IN"
"967","786","305","EXHIBITED_IN"
"968","973","305","EXHIBITED_IN"
"969","982","305","EXHIBITED_IN"
"970","987","305","EXHIBITED_IN"
"971","1307","305","EXHIBITED_IN"
"972","633","69","EXHIBITED_IN"
"973","1166","173","EXHIBITED_IN"
"974","957","104","EXHIBITED_IN"
"975","929","104","EXHIBITED_IN"
"976","887","104","EXHIBITED_IN"
"977","654","450","EXHIBITED_IN"
"978","1003","450","EXHIBITED_IN"
"979","576","450","EXHIBITED_IN"
"980","1283","450","EXHIBITED_IN"
"981","1055","450","EXHIBITED_IN"
"982","541","450","EXHIBITED_IN"
"983","658","450","EXHIBITED_IN"
"984","1161","147","EXHIBITED_IN"
"985","703","174","EXHIBITED_IN"
"986","719","174","EXHIBITED_IN"
"987","801","174","EXHIBITED_IN"
"988","899","174","EXHIBITED_IN"
"989","910","174","EXHIBITED_IN"
"990","951","174","EXHIBITED_IN"
"991","1014","174","EXHIBITED_IN"
"992","1038","174","EXHIBITED_IN"
"993","1113","174","EXHIBITED_IN"
"994","1167","132","EXHIBITED_IN"
"995","555","132","EXHIBITED_IN"
"996","1139","132","EXHIBITED_IN"
"997","1313","306","EXHIBITED_IN"
"998","752","373","EXHIBITED_IN"
"999","1024","120","EXHIBITED_IN"
"1000","1327","120","EXHIBITED_IN"
"1001","1065","342","EXHIBITED_IN"
"1002","610","68","EXHIBITED_IN"
"1003","996","58","EXHIBITED_IN"
"1004","1034","58","EXHIBITED_IN"
"1005","1318","58","EXHIBITED_IN"
"1006","1155","135","EXHIBITED_IN"
"1007","734","135","EXHIBITED_IN"
"1008","769","397","EXHIBITED_IN"
"1009","619","278","EXHIBITED_IN"
"1010","789","103","EXHIBITED_IN"
"1011","807","98","EXHIBITED_IN"
"1012","1315","237","EXHIBITED_IN"
"1013","905","184","EXHIBITED_IN"
"1014","1324","184","EXHIBITED_IN"
"1015","1211","412","EXHIBITED_IN"
"1016","1052","412","EXHIBITED_IN"
"1017","1344","346","EXHIBITED_IN"
"1018","1345","297","EXHIBITED_IN"
"1019","1346","297","EXHIBITED_IN"
"1020","1347","297","EXHIBITED_IN"
"1021","1348","297","EXHIBITED_IN"
"1022","1349","297","EXHIBITED_IN"
"1023","1350","297","EXHIBITED_IN"
"1024","1351","297","EXHIBITED_IN"
"1025","1352","297","EXHIBITED_IN"
"1026","1353","297","EXHIBITED_IN"
"1027","1354","297","EXHIBITED_IN"
"1028","1355","297","EXHIBITED_IN"
"1029","1357","178","EXHIBITED_IN"
"1030","1358","178","EXHIBITED_IN"
"1031","1359","178","EXHIBITED_IN"
"1032","1360","313","EXHIBITED_IN"
"1033","1361","313","EXHIBITED_IN"
"1034","1362","96","EXHIBITED_IN"
"1035","1363","96","EXHIBITED_IN"
"1036","1364","96","EXHIBITED_IN"
"1037","1365","96","EXHIBITED_IN"
"1038","1366","96","EXHIBITED_IN"
"1039","1367","96","EXHIBITED_IN"
"1040","1368","96","EXHIBITED_IN"
"1041","1369","96","EXHIBITED_IN"
"1042","1371","96","EXHIBITED_IN"
"1043","1372","96","EXHIBITED_IN"
"1044","1373","96","EXHIBITED_IN"
"1045","1374","449","EXHIBITED_IN"
"1046","1375","175","EXHIBITED_IN"
"1047","1376","218","EXHIBITED_IN"
"1048","1377","326","EXHIBITED_IN"
"1049","1378","326","EXHIBITED_IN"
"1050","1379","326","EXHIBITED_IN"
"1051","1380","326","EXHIBITED_IN"
"1052","1381","326","EXHIBITED_IN"
"1053","1382","326","EXHIBITED_IN"
"1054","1383","326","EXHIBITED_IN"
"1055","1384","326","EXHIBITED_IN"
"1056","1385","326","EXHIBITED_IN"
"1057","1386","326","EXHIBITED_IN"
"1058","1387","326","EXHIBITED_IN"
"1059","1389","220","EXHIBITED_IN"
"1060","1390","220","EXHIBITED_IN"
"1061","1391","220","EXHIBITED_IN"
"1062","1392","434","EXHIBITED_IN"
"1063","1393","434","EXHIBITED_IN"
"1064","1394","434","EXHIBITED_IN"
"1065","1395","434","EXHIBITED_IN"
"1066","1396","434","EXHIBITED_IN"
"1067","1397","434","EXHIBITED_IN"
"1068","1398","434","EXHIBITED_IN"
"1069","1399","129","EXHIBITED_IN"
"1070","1400","406","EXHIBITED_IN"
"1071","1401","406","EXHIBITED_IN"
"1072","1402","406","EXHIBITED_IN"
"1073","1403","406","EXHIBITED_IN"
"1074","1404","406","EXHIBITED_IN"
"1075","1405","406","EXHIBITED_IN"
"1076","1406","406","EXHIBITED_IN"
"1077","1407","45","EXHIBITED_IN"
"1078","1408","454","EXHIBITED_IN"
"1079","1409","448","EXHIBITED_IN"
"1080","1410","448","EXHIBITED_IN"
"1081","1411","448","EXHIBITED_IN"
"1082","1412","211","EXHIBITED_IN"
"1083","1414","347","EXHIBITED_IN"
"1084","1415","494","EXHIBITED_IN"
"1085","1416","140","EXHIBITED_IN"
"1086","1417","140","EXHIBITED_IN"
"1087","1418","140","EXHIBITED_IN"
"1088","1419","140","EXHIBITED_IN"
"1089","1421","140","EXHIBITED_IN"
"1090","1423","140","EXHIBITED_IN"
"1091","1424","140","EXHIBITED_IN"
"1092","1427","140","EXHIBITED_IN"
"1093","1429","140","EXHIBITED_IN"
"1094","1430","140","EXHIBITED_IN"
"1095","1431","140","EXHIBITED_IN"
"1096","1432","142","EXHIBITED_IN"
"1097","1434","427","EXHIBITED_IN"
"1098","1435","253","EXHIBITED_IN"
"1099","1436","253","EXHIBITED_IN"
"1100","1437","253","EXHIBITED_IN"
"1101","1438","253","EXHIBITED_IN"
"1102","1439","496","EXHIBITED_IN"
"1103","1440","496","EXHIBITED_IN"
"1104","1441","496","EXHIBITED_IN"
"1105","1442","506","EXHIBITED_IN"
"1106","1443","506","EXHIBITED_IN"
"1107","1444","506","EXHIBITED_IN"
"1108","1445","506","EXHIBITED_IN"
"1109","1446","506","EXHIBITED_IN"
"1110","1447","502","EXHIBITED_IN"
"1111","1448","502","EXHIBITED_IN"
"1112","1449","499","EXHIBITED_IN"
"1113","1292","74","EXHIBITED_IN"
"1114","1292","214","EXHIBITED_IN"
"1115","1292","55","EXHIBITED_IN"
"1116","1292","410","EXHIBITED_IN"
"1117","1292","464","EXHIBITED_IN"
"1118","1292","317","EXHIBITED_IN"
"1119","1292","253","EXHIBITED_IN"
"1120","1292","120","EXHIBITED_IN"
"1121","1292","229","EXHIBITED_IN"
"1122","1292","156","EXHIBITED_IN"
"1123","1292","368","EXHIBITED_IN"
"1124","1292","304","EXHIBITED_IN"
"1125","1292","280","EXHIBITED_IN"
"1126","1292","193","EXHIBITED_IN"
"1127","1292","52","EXHIBITED_IN"
"1128","1292","172","EXHIBITED_IN"
"1129","1292","305","EXHIBITED_IN"
"1130","1292","173","EXHIBITED_IN"
"1131","1292","150","EXHIBITED_IN"
"1132","1292","174","EXHIBITED_IN"
"1133","1292","306","EXHIBITED_IN"
"1134","1292","194","EXHIBITED_IN"
"1135","1292","266","EXHIBITED_IN"
"1136","1292","178","EXHIBITED_IN"
"1137","1292","166","EXHIBITED_IN"
"1138","1292","96","EXHIBITED_IN"
"1139","1292","448","EXHIBITED_IN"
"1140","1292","217","EXHIBITED_IN"
"1141","1316","214","EXHIBITED_IN"
"1142","1316","493","EXHIBITED_IN"
"1143","1316","127","EXHIBITED_IN"
"1144","1316","55","EXHIBITED_IN"
"1145","1316","300","EXHIBITED_IN"
"1146","1316","467","EXHIBITED_IN"
"1147","1316","203","EXHIBITED_IN"
"1148","1316","325","EXHIBITED_IN"
"1149","1316","84","EXHIBITED_IN"
"1150","1316","481","EXHIBITED_IN"
"1151","1316","370","EXHIBITED_IN"
"1152","1316","340","EXHIBITED_IN"
"1153","1316","349","EXHIBITED_IN"
"1154","1316","368","EXHIBITED_IN"
"1155","1316","332","EXHIBITED_IN"
"1156","1316","327","EXHIBITED_IN"
"1157","1316","333","EXHIBITED_IN"
"1158","1316","331","EXHIBITED_IN"
"1159","1316","329","EXHIBITED_IN"
"1160","1316","52","EXHIBITED_IN"
"1161","1316","172","EXHIBITED_IN"
"1162","1316","173","EXHIBITED_IN"
"1163","1316","174","EXHIBITED_IN"
"1164","1316","486","EXHIBITED_IN"
"1165","1316","277","EXHIBITED_IN"
"1166","1316","412","EXHIBITED_IN"
"1167","1316","266","EXHIBITED_IN"
"1168","1198","464","EXHIBITED_IN"
"1169","1198","382","EXHIBITED_IN"
"1170","1198","156","EXHIBITED_IN"
"1171","1198","214","EXHIBITED_IN"
"1172","1198","158","EXHIBITED_IN"
"1173","1198","405","EXHIBITED_IN"
"1174","1198","193","EXHIBITED_IN"
"1175","1198","343","EXHIBITED_IN"
"1176","1198","287","EXHIBITED_IN"
"1177","1198","462","EXHIBITED_IN"
"1178","1198","335","EXHIBITED_IN"
"1179","1198","246","EXHIBITED_IN"
"1180","1198","334","EXHIBITED_IN"
"1181","1198","338","EXHIBITED_IN"
"1182","1198","53","EXHIBITED_IN"
"1183","1198","179","EXHIBITED_IN"
"1184","1198","288","EXHIBITED_IN"
"1185","1198","64","EXHIBITED_IN"
"1186","1198","482","EXHIBITED_IN"
"1187","1198","407","EXHIBITED_IN"
"1188","1198","351","EXHIBITED_IN"
"1189","1198","172","EXHIBITED_IN"
"1190","1198","173","EXHIBITED_IN"
"1191","1198","96","EXHIBITED_IN"
"1192","782","214","EXHIBITED_IN"
"1193","782","214","EXHIBITED_IN"
"1194","782","410","EXHIBITED_IN"
"1195","782","153","EXHIBITED_IN"
"1196","782","120","EXHIBITED_IN"
"1197","782","340","EXHIBITED_IN"
"1198","782","156","EXHIBITED_IN"
"1199","782","102","EXHIBITED_IN"
"1200","782","280","EXHIBITED_IN"
"1201","782","193","EXHIBITED_IN"
"1202","782","152","EXHIBITED_IN"
"1203","782","344","EXHIBITED_IN"
"1204","782","407","EXHIBITED_IN"
"1205","782","423","EXHIBITED_IN"
"1206","782","173","EXHIBITED_IN"
"1207","782","104","EXHIBITED_IN"
"1208","782","147","EXHIBITED_IN"
"1209","782","150","EXHIBITED_IN"
"1210","782","194","EXHIBITED_IN"
"1211","782","266","EXHIBITED_IN"
"1212","782","448","EXHIBITED_IN"
"1213","782","253","EXHIBITED_IN"
"1214","1154","214","EXHIBITED_IN"
"1215","1154","127","EXHIBITED_IN"
"1216","1154","109","EXHIBITED_IN"
"1217","1154","185","EXHIBITED_IN"
"1218","1154","340","EXHIBITED_IN"
"1219","1154","156","EXHIBITED_IN"
"1220","1154","368","EXHIBITED_IN"
"1221","1154","332","EXHIBITED_IN"
"1222","1154","327","EXHIBITED_IN"
"1223","1154","457","EXHIBITED_IN"
"1224","1154","331","EXHIBITED_IN"
"1225","1154","330","EXHIBITED_IN"
"1226","1154","189","EXHIBITED_IN"
"1227","1154","329","EXHIBITED_IN"
"1228","1154","111","EXHIBITED_IN"
"1229","1154","152","EXHIBITED_IN"
"1230","1154","450","EXHIBITED_IN"
"1231","1154","339","EXHIBITED_IN"
"1232","1154","194","EXHIBITED_IN"
"1233","1154","422","EXHIBITED_IN"
"1234","1220","214","EXHIBITED_IN"
"1235","1220","198","EXHIBITED_IN"
"1236","1220","120","EXHIBITED_IN"
"1237","1220","156","EXHIBITED_IN"
"1238","1220","269","EXHIBITED_IN"
"1239","1220","193","EXHIBITED_IN"
"1240","1220","53","EXHIBITED_IN"
"1241","1220","52","EXHIBITED_IN"
"1242","1220","423","EXHIBITED_IN"
"1243","1220","420","EXHIBITED_IN"
"1244","1220","105","EXHIBITED_IN"
"1245","1220","172","EXHIBITED_IN"
"1246","1220","173","EXHIBITED_IN"
"1247","1220","147","EXHIBITED_IN"
"1248","1220","150","EXHIBITED_IN"
"1249","1220","174","EXHIBITED_IN"
"1250","1220","160","EXHIBITED_IN"
"1251","1220","422","EXHIBITED_IN"
"1252","1220","191","EXHIBITED_IN"
"1253","1220","448","EXHIBITED_IN"
"1254","848","214","EXHIBITED_IN"
"1255","848","55","EXHIBITED_IN"
"1256","848","410","EXHIBITED_IN"
"1257","848","120","EXHIBITED_IN"
"1259","848","125","EXHIBITED_IN"
"1260","848","156","EXHIBITED_IN"
"1261","848","168","EXHIBITED_IN"
"1262","848","280","EXHIBITED_IN"
"1263","848","418","EXHIBITED_IN"
"1264","848","172","EXHIBITED_IN"
"1265","848","173","EXHIBITED_IN"
"1266","848","147","EXHIBITED_IN"
"1267","848","174","EXHIBITED_IN"
"1268","848","194","EXHIBITED_IN"
"1269","848","266","EXHIBITED_IN"
"1270","848","178","EXHIBITED_IN"
"1271","848","448","EXHIBITED_IN"
"1272","1063","127","EXHIBITED_IN"
"1273","1063","300","EXHIBITED_IN"
"1274","1063","467","EXHIBITED_IN"
"1275","1063","203","EXHIBITED_IN"
"1276","1063","325","EXHIBITED_IN"
"1277","1063","84","EXHIBITED_IN"
"1278","1063","304","EXHIBITED_IN"
"1279","1063","333","EXHIBITED_IN"
"1280","1063","330","EXHIBITED_IN"
"1281","1063","274","EXHIBITED_IN"
"1282","1063","261","EXHIBITED_IN"
"1283","1063","329","EXHIBITED_IN"
"1284","1063","52","EXHIBITED_IN"
"1285","1063","172","EXHIBITED_IN"
"1286","1063","412","EXHIBITED_IN"
"1287","1298","127","EXHIBITED_IN"
"1288","1298","198","EXHIBITED_IN"
"1289","1298","193","EXHIBITED_IN"
"1290","1298","152","EXHIBITED_IN"
"1291","1298","208","EXHIBITED_IN"
"1292","1298","314","EXHIBITED_IN"
"1293","1298","53","EXHIBITED_IN"
"1294","1298","423","EXHIBITED_IN"
"1295","1298","420","EXHIBITED_IN"
"1296","1298","172","EXHIBITED_IN"
"1297","1298","173","EXHIBITED_IN"
"1298","1298","147","EXHIBITED_IN"
"1299","1298","150","EXHIBITED_IN"
"1300","1298","174","EXHIBITED_IN"
"1302","819","214","EXHIBITED_IN"
"1303","819","340","EXHIBITED_IN"
"1304","819","304","EXHIBITED_IN"
"1305","819","261","EXHIBITED_IN"
"1306","819","152","EXHIBITED_IN"
"1307","819","303","EXHIBITED_IN"
"1308","819","172","EXHIBITED_IN"
"1309","819","296","EXHIBITED_IN"
"1310","819","305","EXHIBITED_IN"
"1311","819","173","EXHIBITED_IN"
"1312","819","147","EXHIBITED_IN"
"1313","819","150","EXHIBITED_IN"
"1314","819","174","EXHIBITED_IN"
"1315","819","306","EXHIBITED_IN"
"1316","1027","214","EXHIBITED_IN"
"1317","1027","410","EXHIBITED_IN"
"1318","1027","120","EXHIBITED_IN"
"1319","1027","307","EXHIBITED_IN"
"1320","1027","156","EXHIBITED_IN"
"1321","1027","327","EXHIBITED_IN"
"1322","1027","208","EXHIBITED_IN"
"1323","1027","52","EXHIBITED_IN"
"1324","1027","172","EXHIBITED_IN"
"1325","1027","173","EXHIBITED_IN"
"1326","1027","147","EXHIBITED_IN"
"1327","1027","174","EXHIBITED_IN"
"1328","1027","123","EXHIBITED_IN"
"1329","1027","448","EXHIBITED_IN"
"1330","1238","214","EXHIBITED_IN"
"1331","1238","223","EXHIBITED_IN"
"1332","1238","203","EXHIBITED_IN"
"1333","1238","340","EXHIBITED_IN"
"1334","1238","463","EXHIBITED_IN"
"1335","1238","156","EXHIBITED_IN"
"1336","1238","437","EXHIBITED_IN"
"1337","1238","321","EXHIBITED_IN"
"1338","1238","147","EXHIBITED_IN"
"1339","1238","150","EXHIBITED_IN"
"1340","1238","373","EXHIBITED_IN"
"1341","1238","120","EXHIBITED_IN"
"1342","1238","412","EXHIBITED_IN"
"1343","1238","448","EXHIBITED_IN"
"1344","871","214","EXHIBITED_IN"
"1345","871","435","EXHIBITED_IN"
"1346","871","300","EXHIBITED_IN"
"1347","871","467","EXHIBITED_IN"
"1348","871","203","EXHIBITED_IN"
"1349","871","325","EXHIBITED_IN"
"1350","871","84","EXHIBITED_IN"
"1351","871","481","EXHIBITED_IN"
"1352","871","156","EXHIBITED_IN"
"1353","871","368","EXHIBITED_IN"
"1354","871","52","EXHIBITED_IN"
"1355","871","172","EXHIBITED_IN"
"1356","871","450","EXHIBITED_IN"
"1357","871","412","EXHIBITED_IN"
"1372","549","57","EXHIBITED_IN"
"1373","549","410","EXHIBITED_IN"
"1374","549","215","EXHIBITED_IN"
"1375","549","456","EXHIBITED_IN"
"1376","549","101","EXHIBITED_IN"
"1377","549","156","EXHIBITED_IN"
"1378","549","379","EXHIBITED_IN"
"1379","549","280","EXHIBITED_IN"
"1380","549","145","EXHIBITED_IN"
"1381","549","152","EXHIBITED_IN"
"1382","549","263","EXHIBITED_IN"
"1383","549","233","EXHIBITED_IN"
"1384","549","220","EXHIBITED_IN"
"1385","660","214","EXHIBITED_IN"
"1386","660","156","EXHIBITED_IN"
"1387","660","88","EXHIBITED_IN"
"1388","660","280","EXHIBITED_IN"
"1389","660","303","EXHIBITED_IN"
"1390","660","407","EXHIBITED_IN"
"1391","660","172","EXHIBITED_IN"
"1392","660","305","EXHIBITED_IN"
"1393","660","173","EXHIBITED_IN"
"1394","660","174","EXHIBITED_IN"
"1395","660","306","EXHIBITED_IN"
"1396","660","356","EXHIBITED_IN"
"1397","660","448","EXHIBITED_IN"
"1398","1023","317","EXHIBITED_IN"
"1399","1023","112","EXHIBITED_IN"
"1400","1023","156","EXHIBITED_IN"
"1401","1023","116","EXHIBITED_IN"
"1402","1023","193","EXHIBITED_IN"
"1403","1023","152","EXHIBITED_IN"
"1404","1023","474","EXHIBITED_IN"
"1405","1023","407","EXHIBITED_IN"
"1406","1023","172","EXHIBITED_IN"
"1407","1023","173","EXHIBITED_IN"
"1408","1023","174","EXHIBITED_IN"
"1409","1023","266","EXHIBITED_IN"
"1410","1023","448","EXHIBITED_IN"
"1411","938","206","EXHIBITED_IN"
"1412","938","231","EXHIBITED_IN"
"1413","938","205","EXHIBITED_IN"
"1414","938","349","EXHIBITED_IN"
"1415","938","156","EXHIBITED_IN"
"1416","938","424","EXHIBITED_IN"
"1417","938","118","EXHIBITED_IN"
"1418","938","373","EXHIBITED_IN"
"1419","938","120","EXHIBITED_IN"
"1420","938","412","EXHIBITED_IN"
"1421","938","388","EXHIBITED_IN"
"1422","938","406","EXHIBITED_IN"
"1423","938","453","EXHIBITED_IN"
"1424","760","396","EXHIBITED_IN"
"1425","760","301","EXHIBITED_IN"
"1426","760","348","EXHIBITED_IN"
"1427","760","192","EXHIBITED_IN"
"1428","760","333","EXHIBITED_IN"
"1429","760","152","EXHIBITED_IN"
"1430","760","172","EXHIBITED_IN"
"1431","760","173","EXHIBITED_IN"
"1432","760","147","EXHIBITED_IN"
"1433","760","150","EXHIBITED_IN"
"1434","760","174","EXHIBITED_IN"
"1435","760","241","EXHIBITED_IN"
"1436","760","448","EXHIBITED_IN"
"1437","1243","440","EXHIBITED_IN"
"1438","1243","259","EXHIBITED_IN"
"1439","1243","349","EXHIBITED_IN"
"1440","1243","156","EXHIBITED_IN"
"1441","1243","437","EXHIBITED_IN"
"1442","1243","294","EXHIBITED_IN"
"1443","1243","321","EXHIBITED_IN"
"1444","1243","331","EXHIBITED_IN"
"1445","1243","330","EXHIBITED_IN"
"1446","1243","373","EXHIBITED_IN"
"1447","1243","120","EXHIBITED_IN"
"1448","1243","412","EXHIBITED_IN"
"1449","1243","275","EXHIBITED_IN"
"1450","1199","77","EXHIBITED_IN"
"1451","1199","224","EXHIBITED_IN"
"1452","1199","177","EXHIBITED_IN"
"1453","1199","349","EXHIBITED_IN"
"1454","1199","156","EXHIBITED_IN"
"1455","1199","209","EXHIBITED_IN"
"1456","1199","381","EXHIBITED_IN"
"1457","1199","321","EXHIBITED_IN"
"1458","1199","373","EXHIBITED_IN"
"1459","1199","120","EXHIBITED_IN"
"1460","1199","326","EXHIBITED_IN"
"1461","1199","448","EXHIBITED_IN"
"1462","592","214","EXHIBITED_IN"
"1463","592","169","EXHIBITED_IN"
"1464","592","304","EXHIBITED_IN"
"1465","592","152","EXHIBITED_IN"
"1466","592","208","EXHIBITED_IN"
"1467","592","53","EXHIBITED_IN"
"1468","592","172","EXHIBITED_IN"
"1469","592","305","EXHIBITED_IN"
"1470","592","173","EXHIBITED_IN"
"1471","592","174","EXHIBITED_IN"
"1472","592","306","EXHIBITED_IN"
"1473","592","59","EXHIBITED_IN"
"1474","796","349","EXHIBITED_IN"
"1475","796","156","EXHIBITED_IN"
"1476","796","321","EXHIBITED_IN"
"1477","796","332","EXHIBITED_IN"
"1478","796","333","EXHIBITED_IN"
"1479","796","331","EXHIBITED_IN"
"1480","796","373","EXHIBITED_IN"
"1481","796","120","EXHIBITED_IN"
"1482","796","388","EXHIBITED_IN"
"1483","796","140","EXHIBITED_IN"
"1484","796","46","EXHIBITED_IN"
"1485","796","477","EXHIBITED_IN"
"1486","1144","464","EXHIBITED_IN"
"1487","1144","107","EXHIBITED_IN"
"1488","1144","392","EXHIBITED_IN"
"1489","1144","156","EXHIBITED_IN"
"1490","1144","192","EXHIBITED_IN"
"1491","1144","405","EXHIBITED_IN"
"1492","1144","334","EXHIBITED_IN"
"1493","1144","179","EXHIBITED_IN"
"1494","1144","120","EXHIBITED_IN"
"1495","1144","388","EXHIBITED_IN"
"1496","1144","326","EXHIBITED_IN"
"1497","1144","448","EXHIBITED_IN"
"1498","864","281","EXHIBITED_IN"
"1499","864","349","EXHIBITED_IN"
"1500","864","156","EXHIBITED_IN"
"1501","864","437","EXHIBITED_IN"
"1502","864","321","EXHIBITED_IN"
"1503","864","333","EXHIBITED_IN"
"1504","864","331","EXHIBITED_IN"
"1505","864","120","EXHIBITED_IN"
"1506","864","388","EXHIBITED_IN"
"1507","864","178","EXHIBITED_IN"
"1508","864","448","EXHIBITED_IN"
"1509","864","44","EXHIBITED_IN"
"1510","832","156","EXHIBITED_IN"
"1511","832","320","EXHIBITED_IN"
"1512","832","328","EXHIBITED_IN"
"1513","832","152","EXHIBITED_IN"
"1514","832","179","EXHIBITED_IN"
"1515","832","351","EXHIBITED_IN"
"1516","832","172","EXHIBITED_IN"
"1517","832","400","EXHIBITED_IN"
"1518","832","173","EXHIBITED_IN"
"1519","832","147","EXHIBITED_IN"
"1520","832","174","EXHIBITED_IN"
"1521","832","473","EXHIBITED_IN"
"1522","716","214","EXHIBITED_IN"
"1523","716","71","EXHIBITED_IN"
"1524","716","410","EXHIBITED_IN"
"1525","716","317","EXHIBITED_IN"
"1526","716","426","EXHIBITED_IN"
"1527","716","156","EXHIBITED_IN"
"1528","716","305","EXHIBITED_IN"
"1529","716","342","EXHIBITED_IN"
"1530","716","341","EXHIBITED_IN"
"1531","716","68","EXHIBITED_IN"
"1532","716","58","EXHIBITED_IN"
"1533","1234","317","EXHIBITED_IN"
"1534","1234","295","EXHIBITED_IN"
"1535","1234","451","EXHIBITED_IN"
"1536","1234","193","EXHIBITED_IN"
"1537","1234","152","EXHIBITED_IN"
"1538","1234","407","EXHIBITED_IN"
"1539","1234","172","EXHIBITED_IN"
"1540","1234","173","EXHIBITED_IN"
"1541","1234","147","EXHIBITED_IN"
"1542","1234","150","EXHIBITED_IN"
"1543","1234","174","EXHIBITED_IN"
"1544","774","292","EXHIBITED_IN"
"1545","774","349","EXHIBITED_IN"
"1546","774","156","EXHIBITED_IN"
"1547","774","118","EXHIBITED_IN"
"1548","774","373","EXHIBITED_IN"
"1549","774","120","EXHIBITED_IN"
"1550","774","412","EXHIBITED_IN"
"1551","774","297","EXHIBITED_IN"
"1552","774","388","EXHIBITED_IN"
"1553","774","406","EXHIBITED_IN"
"1554","774","448","EXHIBITED_IN"
"1555","934","156","EXHIBITED_IN"
"1556","934","321","EXHIBITED_IN"
"1557","934","330","EXHIBITED_IN"
"1558","934","479","EXHIBITED_IN"
"1559","934","329","EXHIBITED_IN"
"1560","934","491","EXHIBITED_IN"
"1561","934","437","EXHIBITED_IN"
"1562","934","120","EXHIBITED_IN"
"1563","934","297","EXHIBITED_IN"
"1564","934","388","EXHIBITED_IN"
"1565","934","140","EXHIBITED_IN"
"1566","1010","156","EXHIBITED_IN"
"1567","1010","437","EXHIBITED_IN"
"1568","1010","321","EXHIBITED_IN"
"1569","1010","332","EXHIBITED_IN"
"1570","1010","331","EXHIBITED_IN"
"1571","1010","330","EXHIBITED_IN"
"1572","1010","367","EXHIBITED_IN"
"1573","1010","373","EXHIBITED_IN"
"1574","1010","120","EXHIBITED_IN"
"1575","1010","388","EXHIBITED_IN"
"1576","1010","326","EXHIBITED_IN"
"1577","1122","214","EXHIBITED_IN"
"1578","1122","156","EXHIBITED_IN"
"1579","1122","305","EXHIBITED_IN"
"1580","1122","173","EXHIBITED_IN"
"1581","1122","264","EXHIBITED_IN"
"1582","1122","450","EXHIBITED_IN"
"1583","1122","174","EXHIBITED_IN"
"1584","1122","132","EXHIBITED_IN"
"1585","1122","306","EXHIBITED_IN"
"1586","1122","266","EXHIBITED_IN"
"1587","1204","204","EXHIBITED_IN"
"1588","1204","349","EXHIBITED_IN"
"1589","1204","156","EXHIBITED_IN"
"1590","1204","437","EXHIBITED_IN"
"1591","1204","332","EXHIBITED_IN"
"1592","1204","333","EXHIBITED_IN"
"1593","1204","331","EXHIBITED_IN"
"1594","1204","472","EXHIBITED_IN"
"1595","1204","373","EXHIBITED_IN"
"1596","1204","120","EXHIBITED_IN"
"1597","772","317","EXHIBITED_IN"
"1598","772","164","EXHIBITED_IN"
"1599","772","332","EXHIBITED_IN"
"1600","772","333","EXHIBITED_IN"
"1601","772","172","EXHIBITED_IN"
"1602","772","173","EXHIBITED_IN"
"1603","772","290","EXHIBITED_IN"
"1604","772","174","EXHIBITED_IN"
"1605","772","243","EXHIBITED_IN"
"1606","772","96","EXHIBITED_IN"
"1607","1028","470","EXHIBITED_IN"
"1608","1028","349","EXHIBITED_IN"
"1609","1028","156","EXHIBITED_IN"
"1610","1028","437","EXHIBITED_IN"
"1611","1028","321","EXHIBITED_IN"
"1612","1028","332","EXHIBITED_IN"
"1613","1028","333","EXHIBITED_IN"
"1614","1028","373","EXHIBITED_IN"
"1615","1028","120","EXHIBITED_IN"
"1616","1028","412","EXHIBITED_IN"
"1617","1072","214","EXHIBITED_IN"
"1618","1072","493","EXHIBITED_IN"
"1619","1072","182","EXHIBITED_IN"
"1620","1072","156","EXHIBITED_IN"
"1621","1072","172","EXHIBITED_IN"
"1622","1072","173","EXHIBITED_IN"
"1623","1072","150","EXHIBITED_IN"
"1624","1072","174","EXHIBITED_IN"
"1625","1072","120","EXHIBITED_IN"
"1626","741","349","EXHIBITED_IN"
"1627","741","156","EXHIBITED_IN"
"1628","741","437","EXHIBITED_IN"
"1629","741","321","EXHIBITED_IN"
"1630","741","332","EXHIBITED_IN"
"1631","741","333","EXHIBITED_IN"
"1632","741","331","EXHIBITED_IN"
"1633","741","330","EXHIBITED_IN"
"1634","741","329","EXHIBITED_IN"
"1635","643","156","EXHIBITED_IN"
"1636","643","320","EXHIBITED_IN"
"1637","643","172","EXHIBITED_IN"
"1638","643","478","EXHIBITED_IN"
"1639","643","173","EXHIBITED_IN"
"1640","643","450","EXHIBITED_IN"
"1641","643","147","EXHIBITED_IN"
"1642","643","150","EXHIBITED_IN"
"1643","643","174","EXHIBITED_IN"
"1644","975","365","EXHIBITED_IN"
"1645","975","127","EXHIBITED_IN"
"1646","975","214","EXHIBITED_IN"
"1647","975","362","EXHIBITED_IN"
"1648","975","225","EXHIBITED_IN"
"1649","975","94","EXHIBITED_IN"
"1650","975","193","EXHIBITED_IN"
"1651","975","407","EXHIBITED_IN"
"1652","937","214","EXHIBITED_IN"
"1653","937","193","EXHIBITED_IN"
"1654","937","152","EXHIBITED_IN"
"1655","937","314","EXHIBITED_IN"
"1656","937","52","EXHIBITED_IN"
"1657","937","420","EXHIBITED_IN"
"1658","937","172","EXHIBITED_IN"
"1659","937","173","EXHIBITED_IN"
"1660","793","214","EXHIBITED_IN"
"1661","793","435","EXHIBITED_IN"
"1662","793","300","EXHIBITED_IN"
"1663","793","144","EXHIBITED_IN"
"1664","793","340","EXHIBITED_IN"
"1665","793","327","EXHIBITED_IN"
"1666","793","174","EXHIBITED_IN"
"1667","793","443","EXHIBITED_IN"
"1668","867","214","EXHIBITED_IN"
"1669","867","127","EXHIBITED_IN"
"1670","867","203","EXHIBITED_IN"
"1671","867","325","EXHIBITED_IN"
"1672","867","84","EXHIBITED_IN"
"1673","867","340","EXHIBITED_IN"
"1674","867","329","EXHIBITED_IN"
"1675","867","172","EXHIBITED_IN"
"1676","712","493","EXHIBITED_IN"
"1677","712","84","EXHIBITED_IN"
"1678","712","405","EXHIBITED_IN"
"1679","712","172","EXHIBITED_IN"
"1680","712","173","EXHIBITED_IN"
"1681","712","174","EXHIBITED_IN"
"1682","712","486","EXHIBITED_IN"
"1683","712","199","EXHIBITED_IN"
"1684","991","464","EXHIBITED_IN"
"1685","991","402","EXHIBITED_IN"
"1686","991","335","EXHIBITED_IN"
"1687","991","246","EXHIBITED_IN"
"1688","991","334","EXHIBITED_IN"
"1689","991","303","EXHIBITED_IN"
"1690","991","338","EXHIBITED_IN"
"1691","991","64","EXHIBITED_IN"
"1692","1121","371","EXHIBITED_IN"
"1693","1121","302","EXHIBITED_IN"
"1694","1121","320","EXHIBITED_IN"
"1695","1121","172","EXHIBITED_IN"
"1696","1121","173","EXHIBITED_IN"
"1697","1121","150","EXHIBITED_IN"
"1698","1121","174","EXHIBITED_IN"
"1699","1121","272","EXHIBITED_IN"
"1700","1433","56","EXHIBITED_IN"
"1701","1433","171","EXHIBITED_IN"
"1702","1433","442","EXHIBITED_IN"
"1703","1433","268","EXHIBITED_IN"
"1704","1433","345","EXHIBITED_IN"
"1705","1433","188","EXHIBITED_IN"
"1706","1433","222","EXHIBITED_IN"
"1707","1433","270","EXHIBITED_IN"
"1708","1323","214","EXHIBITED_IN"
"1709","1323","308","EXHIBITED_IN"
"1710","1323","335","EXHIBITED_IN"
"1711","1323","338","EXHIBITED_IN"
"1712","1323","64","EXHIBITED_IN"
"1713","1323","412","EXHIBITED_IN"
"1714","1323","154","EXHIBITED_IN"
"1715","1301","214","EXHIBITED_IN"
"1716","1301","440","EXHIBITED_IN"
"1717","1301","331","EXHIBITED_IN"
"1718","1301","234","EXHIBITED_IN"
"1719","1301","412","EXHIBITED_IN"
"1720","1301","406","EXHIBITED_IN"
"1721","1301","235","EXHIBITED_IN"
"1722","847","214","EXHIBITED_IN"
"1723","847","55","EXHIBITED_IN"
"1724","847","198","EXHIBITED_IN"
"1725","847","42","EXHIBITED_IN"
"1726","847","53","EXHIBITED_IN"
"1727","847","52","EXHIBITED_IN"
"1728","847","41","EXHIBITED_IN"
"1729","1273","55","EXHIBITED_IN"
"1730","1273","198","EXHIBITED_IN"
"1731","1273","105","EXHIBITED_IN"
"1732","1273","172","EXHIBITED_IN"
"1733","1273","173","EXHIBITED_IN"
"1734","1273","132","EXHIBITED_IN"
"1735","1273","353","EXHIBITED_IN"
"1736","1269","198","EXHIBITED_IN"
"1737","1269","317","EXHIBITED_IN"
"1738","1269","53","EXHIBITED_IN"
"1739","1269","52","EXHIBITED_IN"
"1740","1269","423","EXHIBITED_IN"
"1741","1269","150","EXHIBITED_IN"
"1742","1269","174","EXHIBITED_IN"
"1743","694","198","EXHIBITED_IN"
"1744","694","153","EXHIBITED_IN"
"1745","694","156","EXHIBITED_IN"
"1746","694","93","EXHIBITED_IN"
"1747","694","104","EXHIBITED_IN"
"1748","694","150","EXHIBITED_IN"
"1749","694","58","EXHIBITED_IN"
"1750","986","120","EXHIBITED_IN"
"1751","986","156","EXHIBITED_IN"
"1752","986","209","EXHIBITED_IN"
"1753","986","193","EXHIBITED_IN"
"1755","986","147","EXHIBITED_IN"
"1756","986","178","EXHIBITED_IN"
"1757","725","214","EXHIBITED_IN"
"1758","725","55","EXHIBITED_IN"
"1759","725","368","EXHIBITED_IN"
"1760","725","194","EXHIBITED_IN"
"1761","725","266","EXHIBITED_IN"
"1762","725","96","EXHIBITED_IN"
"1763","1257","464","EXHIBITED_IN"
"1764","1257","185","EXHIBITED_IN"
"1765","1257","368","EXHIBITED_IN"
"1766","1257","343","EXHIBITED_IN"
"1767","1257","276","EXHIBITED_IN"
"1768","1257","407","EXHIBITED_IN"
"1769","1069","144","EXHIBITED_IN"
"1770","1069","224","EXHIBITED_IN"
"1771","1069","172","EXHIBITED_IN"
"1772","1069","173","EXHIBITED_IN"
"1773","1069","174","EXHIBITED_IN"
"1774","1069","393","EXHIBITED_IN"
"1775","927","224","EXHIBITED_IN"
"1776","927","369","EXHIBITED_IN"
"1777","927","151","EXHIBITED_IN"
"1778","927","262","EXHIBITED_IN"
"1779","927","323","EXHIBITED_IN"
"1780","927","178","EXHIBITED_IN"
"1781","1015","425","EXHIBITED_IN"
"1782","1015","173","EXHIBITED_IN"
"1783","1015","147","EXHIBITED_IN"
"1784","1015","174","EXHIBITED_IN"
"1785","1015","306","EXHIBITED_IN"
"1786","1015","448","EXHIBITED_IN"
"1787","970","349","EXHIBITED_IN"
"1788","970","156","EXHIBITED_IN"
"1789","970","437","EXHIBITED_IN"
"1790","970","321","EXHIBITED_IN"
"1791","970","331","EXHIBITED_IN"
"1792","970","120","EXHIBITED_IN"
"1793","764","405","EXHIBITED_IN"
"1794","764","332","EXHIBITED_IN"
"1795","764","333","EXHIBITED_IN"
"1796","764","331","EXHIBITED_IN"
"1797","764","187","EXHIBITED_IN"
"1798","764","53","EXHIBITED_IN"
"1799","1241","303","EXHIBITED_IN"
"1800","1241","64","EXHIBITED_IN"
"1801","1241","173","EXHIBITED_IN"
"1802","1241","147","EXHIBITED_IN"
"1803","1241","174","EXHIBITED_IN"
"1804","1241","306","EXHIBITED_IN"
"1805","1249","119","EXHIBITED_IN"
"1806","1249","464","EXHIBITED_IN"
"1807","1249","236","EXHIBITED_IN"
"1808","1249","152","EXHIBITED_IN"
"1809","1249","253","EXHIBITED_IN"
"1810","763","214","EXHIBITED_IN"
"1811","763","465","EXHIBITED_IN"
"1812","763","280","EXHIBITED_IN"
"1813","763","194","EXHIBITED_IN"
"1814","763","178","EXHIBITED_IN"
"1815","515","214","EXHIBITED_IN"
"1816","515","53","EXHIBITED_IN"
"1817","515","52","EXHIBITED_IN"
"1818","515","105","EXHIBITED_IN"
"1819","515","305","EXHIBITED_IN"
"1820","593","214","EXHIBITED_IN"
"1821","593","156","EXHIBITED_IN"
"1822","593","437","EXHIBITED_IN"
"1823","593","120","EXHIBITED_IN"
"1824","593","297","EXHIBITED_IN"
"1825","859","214","EXHIBITED_IN"
"1826","859","280","EXHIBITED_IN"
"1827","859","174","EXHIBITED_IN"
"1828","859","306","EXHIBITED_IN"
"1829","859","194","EXHIBITED_IN"
"1830","826","214","EXHIBITED_IN"
"1831","826","271","EXHIBITED_IN"
"1832","826","304","EXHIBITED_IN"
"1833","826","305","EXHIBITED_IN"
"1834","826","178","EXHIBITED_IN"
"1835","598","493","EXHIBITED_IN"
"1836","598","464","EXHIBITED_IN"
"1837","598","185","EXHIBITED_IN"
"1838","598","404","EXHIBITED_IN"
"1839","598","349","EXHIBITED_IN"
"1840","1221","55","EXHIBITED_IN"
"1841","1221","185","EXHIBITED_IN"
"1842","1221","349","EXHIBITED_IN"
"1843","1221","333","EXHIBITED_IN"
"1844","1221","327","EXHIBITED_IN"
"1845","739","464","EXHIBITED_IN"
"1846","739","185","EXHIBITED_IN"
"1847","739","335","EXHIBITED_IN"
"1848","739","338","EXHIBITED_IN"
"1849","739","96","EXHIBITED_IN"
"1850","1247","224","EXHIBITED_IN"
"1851","1247","47","EXHIBITED_IN"
"1852","1247","147","EXHIBITED_IN"
"1853","1247","150","EXHIBITED_IN"
"1854","1247","132","EXHIBITED_IN"
"1855","508","155","EXHIBITED_IN"
"1856","508","156","EXHIBITED_IN"
"1857","508","405","EXHIBITED_IN"
"1858","508","120","EXHIBITED_IN"
"1859","508","448","EXHIBITED_IN"
"1860","1320","101","EXHIBITED_IN"
"1861","1320","156","EXHIBITED_IN"
"1862","1320","437","EXHIBITED_IN"
"1863","1320","321","EXHIBITED_IN"
"1864","1320","388","EXHIBITED_IN"
"1865","513","101","EXHIBITED_IN"
"1866","513","49","EXHIBITED_IN"
"1867","513","82","EXHIBITED_IN"
"1868","513","233","EXHIBITED_IN"
"1869","513","96","EXHIBITED_IN"
"1870","783","476","EXHIBITED_IN"
"1871","783","133","EXHIBITED_IN"
"1872","783","349","EXHIBITED_IN"
"1873","783","156","EXHIBITED_IN"
"1874","783","120","EXHIBITED_IN"
"1875","902","349","EXHIBITED_IN"
"1876","902","156","EXHIBITED_IN"
"1877","902","120","EXHIBITED_IN"
"1878","902","388","EXHIBITED_IN"
"1879","902","140","EXHIBITED_IN"
"1880","1098","349","EXHIBITED_IN"
"1881","1098","446","EXHIBITED_IN"
"1882","1098","172","EXHIBITED_IN"
"1883","1098","173","EXHIBITED_IN"
"1884","1098","174","EXHIBITED_IN"
"1885","618","156","EXHIBITED_IN"
"1886","618","80","EXHIBITED_IN"
"1887","618","118","EXHIBITED_IN"
"1888","618","120","EXHIBITED_IN"
"1889","618","388","EXHIBITED_IN"
"1890","680","324","EXHIBITED_IN"
"1891","680","50","EXHIBITED_IN"
"1892","680","152","EXHIBITED_IN"
"1893","680","172","EXHIBITED_IN"
"1894","680","173","EXHIBITED_IN"
"1895","1030","321","EXHIBITED_IN"
"1896","1030","120","EXHIBITED_IN"
"1897","1030","214","EXHIBITED_IN"
"1898","1030","332","EXHIBITED_IN"
"1899","1030","326","EXHIBITED_IN"
"1900","527","332","EXHIBITED_IN"
"1901","527","333","EXHIBITED_IN"
"1902","527","331","EXHIBITED_IN"
"1903","527","330","EXHIBITED_IN"
"1904","527","298","EXHIBITED_IN"
"1905","893","332","EXHIBITED_IN"
"1906","893","333","EXHIBITED_IN"
"1907","893","327","EXHIBITED_IN"
"1908","893","106","EXHIBITED_IN"
"1909","893","448","EXHIBITED_IN"
"1910","926","332","EXHIBITED_IN"
"1911","926","333","EXHIBITED_IN"
"1912","926","330","EXHIBITED_IN"
"1913","926","128","EXHIBITED_IN"
"1914","926","329","EXHIBITED_IN"
"1915","1157","111","EXHIBITED_IN"
"1916","1157","64","EXHIBITED_IN"
"1917","1157","86","EXHIBITED_IN"
"1918","1157","174","EXHIBITED_IN"
"1919","1157","96","EXHIBITED_IN"
"1920","1333","53","EXHIBITED_IN"
"1921","1333","423","EXHIBITED_IN"
"1922","1333","420","EXHIBITED_IN"
"1923","1333","208","EXHIBITED_IN"
"1924","1333","191","EXHIBITED_IN"
"1925","1111","64","EXHIBITED_IN"
"1926","1111","407","EXHIBITED_IN"
"1927","1111","305","EXHIBITED_IN"
"1928","1111","174","EXHIBITED_IN"
"1929","1111","306","EXHIBITED_IN"
"1930","1215","52","EXHIBITED_IN"
"1931","1215","105","EXHIBITED_IN"
"1932","1215","305","EXHIBITED_IN"
"1933","1215","174","EXHIBITED_IN"
"1934","1215","306","EXHIBITED_IN"
"1935","626","172","EXHIBITED_IN"
"1936","626","173","EXHIBITED_IN"
"1937","626","257","EXHIBITED_IN"
"1938","626","233","EXHIBITED_IN"
"1939","626","147","EXHIBITED_IN"
"1940","878","172","EXHIBITED_IN"
"1941","878","173","EXHIBITED_IN"
"1942","878","174","EXHIBITED_IN"
"1943","878","67","EXHIBITED_IN"
"1944","878","297","EXHIBITED_IN"
"1945","1097","172","EXHIBITED_IN"
"1946","1097","173","EXHIBITED_IN"
"1947","1097","147","EXHIBITED_IN"
"1948","1097","150","EXHIBITED_IN"
"1949","1097","174","EXHIBITED_IN"
"1950","1329","172","EXHIBITED_IN"
"1951","1329","173","EXHIBITED_IN"
"1952","1329","174","EXHIBITED_IN"
"1953","1329","339","EXHIBITED_IN"
"1954","1329","244","EXHIBITED_IN"
"1955","1237","214","EXHIBITED_IN"
"1956","1237","146","EXHIBITED_IN"
"1957","1237","194","EXHIBITED_IN"
"1958","1237","178","EXHIBITED_IN"
"1959","645","214","EXHIBITED_IN"
"1960","645","55","EXHIBITED_IN"
"1961","645","53","EXHIBITED_IN"
"1962","645","52","EXHIBITED_IN"
"1963","988","493","EXHIBITED_IN"
"1964","988","411","EXHIBITED_IN"
"1965","988","349","EXHIBITED_IN"
"1966","988","388","EXHIBITED_IN"
"1967","1067","493","EXHIBITED_IN"
"1968","1067","147","EXHIBITED_IN"
"1969","1067","150","EXHIBITED_IN"
"1970","1067","132","EXHIBITED_IN"
"1971","1169","493","EXHIBITED_IN"
"1972","1169","394","EXHIBITED_IN"
"1973","1169","388","EXHIBITED_IN"
"1974","1169","406","EXHIBITED_IN"
"1975","1342","493","EXHIBITED_IN"
"1976","1342","459","EXHIBITED_IN"
"1977","1342","440","EXHIBITED_IN"
"1978","1342","406","EXHIBITED_IN"
"1979","999","464","EXHIBITED_IN"
"1980","999","185","EXHIBITED_IN"
"1981","999","53","EXHIBITED_IN"
"1982","999","420","EXHIBITED_IN"
"1983","857","53","EXHIBITED_IN"
"1984","857","420","EXHIBITED_IN"
"1985","857","233","EXHIBITED_IN"
"1986","857","422","EXHIBITED_IN"
"1987","1013","185","EXHIBITED_IN"
"1988","1013","335","EXHIBITED_IN"
"1989","1013","114","EXHIBITED_IN"
"1990","1013","338","EXHIBITED_IN"
"1991","1084","265","EXHIBITED_IN"
"1992","1084","156","EXHIBITED_IN"
"1993","1084","186","EXHIBITED_IN"
"1994","1084","399","EXHIBITED_IN"
"1995","1099","120","EXHIBITED_IN"
"1996","1099","156","EXHIBITED_IN"
"1997","1099","216","EXHIBITED_IN"
"1998","1099","191","EXHIBITED_IN"
"1999","689","428","EXHIBITED_IN"
"2000","689","303","EXHIBITED_IN"
"2001","689","172","EXHIBITED_IN"
"2002","689","173","EXHIBITED_IN"
"2003","906","210","EXHIBITED_IN"
"2004","906","297","EXHIBITED_IN"
"2005","906","220","EXHIBITED_IN"
"2006","906","43","EXHIBITED_IN"
"2007","900","60","EXHIBITED_IN"
"2008","900","492","EXHIBITED_IN"
"2009","900","152","EXHIBITED_IN"
"2010","900","326","EXHIBITED_IN"
"2011","1314","349","EXHIBITED_IN"
"2012","1314","156","EXHIBITED_IN"
"2013","1314","321","EXHIBITED_IN"
"2014","1314","120","EXHIBITED_IN"
"2015","551","156","EXHIBITED_IN"
"2016","551","321","EXHIBITED_IN"
"2017","551","173","EXHIBITED_IN"
"2018","551","120","EXHIBITED_IN"
"2019","920","156","EXHIBITED_IN"
"2020","920","332","EXHIBITED_IN"
"2021","920","395","EXHIBITED_IN"
"2022","920","120","EXHIBITED_IN"
"2023","977","156","EXHIBITED_IN"
"2024","977","120","EXHIBITED_IN"
"2025","977","473","EXHIBITED_IN"
"2026","977","326","EXHIBITED_IN"
"2027","1088","156","EXHIBITED_IN"
"2028","1088","437","EXHIBITED_IN"
"2029","1088","321","EXHIBITED_IN"
"2030","1088","120","EXHIBITED_IN"
"2031","1181","156","EXHIBITED_IN"
"2032","1181","335","EXHIBITED_IN"
"2033","1181","338","EXHIBITED_IN"
"2034","1181","179","EXHIBITED_IN"
"2035","1260","368","EXHIBITED_IN"
"2036","1260","193","EXHIBITED_IN"
"2037","1260","407","EXHIBITED_IN"
"2038","1260","96","EXHIBITED_IN"
"2039","882","190","EXHIBITED_IN"
"2040","882","333","EXHIBITED_IN"
"2041","882","331","EXHIBITED_IN"
"2042","882","329","EXHIBITED_IN"
"2043","886","332","EXHIBITED_IN"
"2044","886","333","EXHIBITED_IN"
"2045","886","331","EXHIBITED_IN"
"2046","886","297","EXHIBITED_IN"
"2047","523","152","EXHIBITED_IN"
"2048","523","334","EXHIBITED_IN"
"2049","523","172","EXHIBITED_IN"
"2050","523","173","EXHIBITED_IN"
"2051","550","152","EXHIBITED_IN"
"2052","550","167","EXHIBITED_IN"
"2053","550","174","EXHIBITED_IN"
"2054","550","388","EXHIBITED_IN"
"2055","1218","314","EXHIBITED_IN"
"2056","1218","53","EXHIBITED_IN"
"2057","1218","52","EXHIBITED_IN"
"2058","1218","105","EXHIBITED_IN"
"2059","1078","335","EXHIBITED_IN"
"2060","1078","334","EXHIBITED_IN"
"2061","1078","338","EXHIBITED_IN"
"2062","1078","179","EXHIBITED_IN"
"2063","710","37","EXHIBITED_IN"
"2064","710","172","EXHIBITED_IN"
"2065","710","173","EXHIBITED_IN"
"2066","710","468","EXHIBITED_IN"
"2067","710","172","EXHIBITED_IN"
"2068","710","173","EXHIBITED_IN"
"2069","710","147","EXHIBITED_IN"
"2070","710","354","EXHIBITED_IN"
"2071","1253","172","EXHIBITED_IN"
"2072","1253","173","EXHIBITED_IN"
"2073","1253","150","EXHIBITED_IN"
"2074","1253","174","EXHIBITED_IN"
"2075","1231","352","EXHIBITED_IN"
"2076","1231","147","EXHIBITED_IN"
"2077","1231","76","EXHIBITED_IN"
"2078","1231","178","EXHIBITED_IN"
"2079","1143","147","EXHIBITED_IN"
"2080","1143","150","EXHIBITED_IN"
"2081","1143","174","EXHIBITED_IN"
"2082","1143","336","EXHIBITED_IN"
"2083","846","132","EXHIBITED_IN"
"2084","846","342","EXHIBITED_IN"
"2085","846","341","EXHIBITED_IN"
"2086","846","58","EXHIBITED_IN"
"2087","971","359","EXHIBITED_IN"
"2088","971","156","EXHIBITED_IN"
"2089","971","405","EXHIBITED_IN"
"2090","956","232","EXHIBITED_IN"
"2091","956","437","EXHIBITED_IN"
"2092","956","333","EXHIBITED_IN"
"2093","635","214","EXHIBITED_IN"
"2094","635","144","EXHIBITED_IN"
"2095","635","143","EXHIBITED_IN"
"2096","706","214","EXHIBITED_IN"
"2097","706","203","EXHIBITED_IN"
"2098","706","261","EXHIBITED_IN"
"2099","994","214","EXHIBITED_IN"
"2100","994","305","EXHIBITED_IN"
"2101","994","266","EXHIBITED_IN"
"2102","845","214","EXHIBITED_IN"
"2103","845","194","EXHIBITED_IN"
"2104","845","266","EXHIBITED_IN"
"2105","773","214","EXHIBITED_IN"
"2106","773","297","EXHIBITED_IN"
"2107","773","96","EXHIBITED_IN"
"2108","1305","214","EXHIBITED_IN"
"2109","1305","109","EXHIBITED_IN"
"2110","1305","156","EXHIBITED_IN"
"2111","737","214","EXHIBITED_IN"
"2112","737","420","EXHIBITED_IN"
"2113","737","423","EXHIBITED_IN"
"2114","1191","214","EXHIBITED_IN"
"2115","1191","402","EXHIBITED_IN"
"2116","1191","66","EXHIBITED_IN"
"2117","729","214","EXHIBITED_IN"
"2118","729","61","EXHIBITED_IN"
"2119","729","96","EXHIBITED_IN"
"2120","858","493","EXHIBITED_IN"
"2121","858","118","EXHIBITED_IN"
"2122","858","305","EXHIBITED_IN"
"2123","810","79","EXHIBITED_IN"
"2124","810","140","EXHIBITED_IN"
"2125","810","78","EXHIBITED_IN"
"2126","1225","378","EXHIBITED_IN"
"2127","1225","349","EXHIBITED_IN"
"2128","1225","140","EXHIBITED_IN"
"2129","569","398","EXHIBITED_IN"
"2130","569","140","EXHIBITED_IN"
"2131","569","142","EXHIBITED_IN"
"2132","875","162","EXHIBITED_IN"
"2133","875","391","EXHIBITED_IN"
"2134","875","341","EXHIBITED_IN"
"2135","1192","455","EXHIBITED_IN"
"2136","1192","341","EXHIBITED_IN"
"2137","1192","135","EXHIBITED_IN"
"2138","577","36","EXHIBITED_IN"
"2139","577","342","EXHIBITED_IN"
"2140","577","58","EXHIBITED_IN"
"2141","1101","464","EXHIBITED_IN"
"2142","1101","405","EXHIBITED_IN"
"2143","1101","96","EXHIBITED_IN"
"2144","883","180","EXHIBITED_IN"
"2145","883","440","EXHIBITED_IN"
"2146","883","126","EXHIBITED_IN"
"2147","894","144","EXHIBITED_IN"
"2148","894","152","EXHIBITED_IN"
"2149","894","314","EXHIBITED_IN"
"2150","693","185","EXHIBITED_IN"
"2151","693","111","EXHIBITED_IN"
"2152","693","303","EXHIBITED_IN"
"2153","1149","185","EXHIBITED_IN"
"2154","1149","96","EXHIBITED_IN"
"2155","1149","220","EXHIBITED_IN"
"2156","659","488","EXHIBITED_IN"
"2157","659","181","EXHIBITED_IN"
"2158","659","207","EXHIBITED_IN"
"2159","670","224","EXHIBITED_IN"
"2160","670","108","EXHIBITED_IN"
"2161","670","475","EXHIBITED_IN"
"2162","1291","224","EXHIBITED_IN"
"2163","1291","248","EXHIBITED_IN"
"2164","1291","349","EXHIBITED_IN"
"2165","1108","271","EXHIBITED_IN"
"2166","1108","178","EXHIBITED_IN"
"2167","1108","140","EXHIBITED_IN"
"2168","835","226","EXHIBITED_IN"
"2169","835","96","EXHIBITED_IN"
"2170","835","326","EXHIBITED_IN"
"2171","1182","47","EXHIBITED_IN"
"2172","1182","349","EXHIBITED_IN"
"2173","1182","386","EXHIBITED_IN"
"2174","828","47","EXHIBITED_IN"
"2175","828","156","EXHIBITED_IN"
"2176","828","118","EXHIBITED_IN"
"2177","1233","349","EXHIBITED_IN"
"2178","1233","373","EXHIBITED_IN"
"2179","1233","417","EXHIBITED_IN"
"2180","622","156","EXHIBITED_IN"
"2181","622","174","EXHIBITED_IN"
"2182","622","306","EXHIBITED_IN"
"2183","631","156","EXHIBITED_IN"
"2184","631","120","EXHIBITED_IN"
"2185","631","406","EXHIBITED_IN"
"2186","637","156","EXHIBITED_IN"
"2187","637","118","EXHIBITED_IN"
"2188","637","403","EXHIBITED_IN"
"2189","1210","156","EXHIBITED_IN"
"2190","1210","118","EXHIBITED_IN"
"2191","1210","405","EXHIBITED_IN"
"2192","1214","156","EXHIBITED_IN"
"2193","1214","97","EXHIBITED_IN"
"2194","1214","120","EXHIBITED_IN"
"2195","1259","156","EXHIBITED_IN"
"2196","1259","321","EXHIBITED_IN"
"2197","1259","120","EXHIBITED_IN"
"2198","895","323","EXHIBITED_IN"
"2199","895","192","EXHIBITED_IN"
"2200","895","322","EXHIBITED_IN"
"2201","1049","165","EXHIBITED_IN"
"2202","1049","96","EXHIBITED_IN"
"2203","1049","487","EXHIBITED_IN"
"2204","1178","279","EXHIBITED_IN"
"2205","1178","401","EXHIBITED_IN"
"2206","1178","86","EXHIBITED_IN"
"2207","605","414","EXHIBITED_IN"
"2208","605","174","EXHIBITED_IN"
"2209","605","433","EXHIBITED_IN"
"2210","1180","332","EXHIBITED_IN"
"2211","1180","331","EXHIBITED_IN"
"2212","1180","252","EXHIBITED_IN"
"2213","1025","332","EXHIBITED_IN"
"2214","1025","395","EXHIBITED_IN"
"2215","1025","251","EXHIBITED_IN"
"2216","531","332","EXHIBITED_IN"
"2217","531","333","EXHIBITED_IN"
"2218","531","330","EXHIBITED_IN"
"2219","884","333","EXHIBITED_IN"
"2220","884","331","EXHIBITED_IN"
"2221","884","450","EXHIBITED_IN"
"2222","839","331","EXHIBITED_IN"
"2223","839","330","EXHIBITED_IN"
"2224","839","128","EXHIBITED_IN"
"2225","530","152","EXHIBITED_IN"
"2226","530","173","EXHIBITED_IN"
"2227","530","233","EXHIBITED_IN"
"2228","795","152","EXHIBITED_IN"
"2229","795","150","EXHIBITED_IN"
"2230","795","174","EXHIBITED_IN"
"2231","674","172","EXHIBITED_IN"
"2232","674","173","EXHIBITED_IN"
"2233","674","174","EXHIBITED_IN"
"2234","841","172","EXHIBITED_IN"
"2235","841","173","EXHIBITED_IN"
"2236","841","174","EXHIBITED_IN"
"2237","954","172","EXHIBITED_IN"
"2238","954","173","EXHIBITED_IN"
"2239","954","174","EXHIBITED_IN"
"2240","1114","305","EXHIBITED_IN"
"2241","1114","342","EXHIBITED_IN"
"2242","1114","58","EXHIBITED_IN"
"2243","1171","305","EXHIBITED_IN"
"2244","1171","174","EXHIBITED_IN"
"2245","1171","306","EXHIBITED_IN"
"2246","747","173","EXHIBITED_IN"
"2247","747","147","EXHIBITED_IN"
"2248","747","150","EXHIBITED_IN"
"2249","1310","173","EXHIBITED_IN"
"2250","1310","147","EXHIBITED_IN"
"2251","1310","150","EXHIBITED_IN"
"2252","1304","233","EXHIBITED_IN"
"2253","1304","174","EXHIBITED_IN"
"2254","1304","191","EXHIBITED_IN"
"2255","740","147","EXHIBITED_IN"
"2256","740","150","EXHIBITED_IN"
"2257","740","174","EXHIBITED_IN"
"2258","708","147","EXHIBITED_IN"
"2259","708","150","EXHIBITED_IN"
"2260","708","132","EXHIBITED_IN"
"2261","1294","174","EXHIBITED_IN"
"2262","1294","306","EXHIBITED_IN"
"2263","1294","448","EXHIBITED_IN"
"2264","821","306","EXHIBITED_IN"
"2265","821","342","EXHIBITED_IN"
"2266","821","135","EXHIBITED_IN"
"2267","1163","342","EXHIBITED_IN"
"2268","1163","341","EXHIBITED_IN"
"2269","1163","58","EXHIBITED_IN"
"2270","1426","140","EXHIBITED_IN"
"2271","1426","421","EXHIBITED_IN"
"2272","1426","142","EXHIBITED_IN"
"2273","1168","245","EXHIBITED_IN"
"2274","1168","409","EXHIBITED_IN"
"2275","960","214","EXHIBITED_IN"
"2276","960","203","EXHIBITED_IN"
"2277","700","214","EXHIBITED_IN"
"2278","700","203","EXHIBITED_IN"
"2279","1195","214","EXHIBITED_IN"
"2280","1195","368","EXHIBITED_IN"
"2281","586","214","EXHIBITED_IN"
"2282","586","174","EXHIBITED_IN"
"2283","1110","174","EXHIBITED_IN"
"2284","1031","214","EXHIBITED_IN"
"2285","1031","261","EXHIBITED_IN"
"2286","567","214","EXHIBITED_IN"
"2287","567","493","EXHIBITED_IN"
"2288","1106","214","EXHIBITED_IN"
"2289","1106","440","EXHIBITED_IN"
"2290","634","214","EXHIBITED_IN"
"2291","634","191","EXHIBITED_IN"
"2292","1207","214","EXHIBITED_IN"
"2293","1207","105","EXHIBITED_IN"
"2294","649","493","EXHIBITED_IN"
"2295","649","386","EXHIBITED_IN"
"2296","526","483","EXHIBITED_IN"
"2297","526","140","EXHIBITED_IN"
"2298","568","464","EXHIBITED_IN"
"2299","568","309","EXHIBITED_IN"
"2300","790","144","EXHIBITED_IN"
"2301","790","343","EXHIBITED_IN"
"2304","1134","185","EXHIBITED_IN"
"2305","1134","96","EXHIBITED_IN"
"2306","1162","185","EXHIBITED_IN"
"2307","1162","402","EXHIBITED_IN"
"2308","1007","366","EXHIBITED_IN"
"2309","1007","406","EXHIBITED_IN"
"2310","1170","366","EXHIBITED_IN"
"2311","1170","406","EXHIBITED_IN"
"2312","516","366","EXHIBITED_IN"
"2313","516","406","EXHIBITED_IN"
"2314","713","375","EXHIBITED_IN"
"2315","713","174","EXHIBITED_IN"
"2316","930","153","EXHIBITED_IN"
"2317","930","53","EXHIBITED_IN"
"2318","705","157","EXHIBITED_IN"
"2319","705","349","EXHIBITED_IN"
"2320","731","416","EXHIBITED_IN"
"2321","731","142","EXHIBITED_IN"
"2322","1136","440","EXHIBITED_IN"
"2323","1136","406","EXHIBITED_IN"
"2324","1120","440","EXHIBITED_IN"
"2325","1120","261","EXHIBITED_IN"
"2326","833","484","EXHIBITED_IN"
"2327","833","150","EXHIBITED_IN"
"2328","600","289","EXHIBITED_IN"
"2329","600","373","EXHIBITED_IN"
"2330","765","176","EXHIBITED_IN"
"2331","765","47","EXHIBITED_IN"
"2332","912","255","EXHIBITED_IN"
"2333","912","72","EXHIBITED_IN"
"2334","611","227","EXHIBITED_IN"
"2335","611","47","EXHIBITED_IN"
"2336","1022","259","EXHIBITED_IN"
"2337","1022","376","EXHIBITED_IN"
"2338","717","259","EXHIBITED_IN"
"2339","717","230","EXHIBITED_IN"
"2340","625","219","EXHIBITED_IN"
"2341","625","132","EXHIBITED_IN"
"2342","1285","202","EXHIBITED_IN"
"2343","1285","305","EXHIBITED_IN"
"2344","850","466","EXHIBITED_IN"
"2345","850","156","EXHIBITED_IN"
"2346","601","349","EXHIBITED_IN"
"2347","601","389","EXHIBITED_IN"
"2348","647","349","EXHIBITED_IN"
"2349","647","386","EXHIBITED_IN"
"2350","770","349","EXHIBITED_IN"
"2351","770","156","EXHIBITED_IN"
"2352","817","349","EXHIBITED_IN"
"2353","817","386","EXHIBITED_IN"
"2354","811","349","EXHIBITED_IN"
"2355","811","203","EXHIBITED_IN"
"2356","1251","349","EXHIBITED_IN"
"2357","1251","386","EXHIBITED_IN"
"2358","1256","349","EXHIBITED_IN"
"2359","1256","331","EXHIBITED_IN"
"2360","510","156","EXHIBITED_IN"
"2361","510","120","EXHIBITED_IN"
"2362","557","156","EXHIBITED_IN"
"2363","557","120","EXHIBITED_IN"
"2364","575","156","EXHIBITED_IN"
"2365","575","321","EXHIBITED_IN"
"2366","652","156","EXHIBITED_IN"
"2367","652","118","EXHIBITED_IN"
"2368","754","156","EXHIBITED_IN"
"2369","754","406","EXHIBITED_IN"
"2370","818","156","EXHIBITED_IN"
"2371","818","120","EXHIBITED_IN"
"2372","827","156","EXHIBITED_IN"
"2373","827","120","EXHIBITED_IN"
"2374","972","156","EXHIBITED_IN"
"2375","972","120","EXHIBITED_IN"
"2376","978","156","EXHIBITED_IN"
"2377","978","320","EXHIBITED_IN"
"2378","1012","156","EXHIBITED_IN"
"2379","1012","120","EXHIBITED_IN"
"2380","1137","156","EXHIBITED_IN"
"2381","1137","120","EXHIBITED_IN"
"2382","1183","156","EXHIBITED_IN"
"2383","1183","120","EXHIBITED_IN"
"2384","1217","156","EXHIBITED_IN"
"2385","1217","120","EXHIBITED_IN"
"2386","1279","156","EXHIBITED_IN"
"2387","1279","120","EXHIBITED_IN"
"2388","919","390","EXHIBITED_IN"
"2389","919","297","EXHIBITED_IN"
"2390","533","368","EXHIBITED_IN"
"2391","533","333","EXHIBITED_IN"
"2392","940","368","EXHIBITED_IN"
"2393","940","141","EXHIBITED_IN"
"2394","1156","368","EXHIBITED_IN"
"2395","1156","96","EXHIBITED_IN"
"2396","1066","386","EXHIBITED_IN"
"2397","1066","406","EXHIBITED_IN"
"2398","1194","267","EXHIBITED_IN"
"2399","1194","323","EXHIBITED_IN"
"2400","518","117","EXHIBITED_IN"
"2401","518","445","EXHIBITED_IN"
"2402","599","376","EXHIBITED_IN"
"2403","599","178","EXHIBITED_IN"
"2404","953","323","EXHIBITED_IN"
"2405","953","178","EXHIBITED_IN"
"2406","738","377","EXHIBITED_IN"
"2407","738","253","EXHIBITED_IN"
"2408","1044","280","EXHIBITED_IN"
"2409","1044","104","EXHIBITED_IN"
"2410","722","321","EXHIBITED_IN"
"2411","722","333","EXHIBITED_IN"
"2412","537","321","EXHIBITED_IN"
"2413","537","258","EXHIBITED_IN"
"2414","1312","430","EXHIBITED_IN"
"2415","1312","178","EXHIBITED_IN"
"2416","856","332","EXHIBITED_IN"
"2417","856","333","EXHIBITED_IN"
"2418","545","332","EXHIBITED_IN"
"2419","545","239","EXHIBITED_IN"
"2420","959","332","EXHIBITED_IN"
"2421","959","333","EXHIBITED_IN"
"2422","1252","332","EXHIBITED_IN"
"2423","1252","333","EXHIBITED_IN"
"2424","1267","332","EXHIBITED_IN"
"2425","1267","203","EXHIBITED_IN"
"2426","556","333","EXHIBITED_IN"
"2427","556","332","EXHIBITED_IN"
"2428","1140","327","EXHIBITED_IN"
"2429","1140","331","EXHIBITED_IN"
"2430","1040","333","EXHIBITED_IN"
"2431","1040","273","EXHIBITED_IN"
"2432","640","333","EXHIBITED_IN"
"2433","640","413","EXHIBITED_IN"
"2434","1216","331","EXHIBITED_IN"
"2435","1216","330","EXHIBITED_IN"
"2436","646","53","EXHIBITED_IN"
"2437","646","173","EXHIBITED_IN"
"2438","1082","490","EXHIBITED_IN"
"2439","1082","173","EXHIBITED_IN"
"2440","1046","173","EXHIBITED_IN"
"2441","1046","174","EXHIBITED_IN"
"2442","941","450","EXHIBITED_IN"
"2443","941","150","EXHIBITED_IN"
"2444","942","450","EXHIBITED_IN"
"2445","942","150","EXHIBITED_IN"
"2446","1085","147","EXHIBITED_IN"
"2447","1085","150","EXHIBITED_IN"
"2448","781","150","EXHIBITED_IN"
"2449","781","132","EXHIBITED_IN"
"2450","517","174","EXHIBITED_IN"
"2451","517","220","EXHIBITED_IN"
"2452","535","174","EXHIBITED_IN"
"2453","535","306","EXHIBITED_IN"
"2454","891","174","EXHIBITED_IN"
"2455","891","306","EXHIBITED_IN"
"2456","993","174","EXHIBITED_IN"
"2457","993","306","EXHIBITED_IN"
"2458","1172","120","EXHIBITED_IN"
"2459","1172","363","EXHIBITED_IN"
"2460","1278","342","EXHIBITED_IN"
"2461","1278","135","EXHIBITED_IN"
"2462","921","342","EXHIBITED_IN"
"2463","921","135","EXHIBITED_IN"
"2464","718","341","EXHIBITED_IN"
"2465","718","135","EXHIBITED_IN"
"2466","736","341","EXHIBITED_IN"
"2467","736","51","EXHIBITED_IN"
"2468","683","341","EXHIBITED_IN"
"2469","683","68","EXHIBITED_IN"
"2470","1356","121","EXHIBITED_IN"
"2471","1356","96","EXHIBITED_IN"
"2472","1370","96","EXHIBITED_IN"
"2473","1370","347","EXHIBITED_IN"
"2474","1388","115","EXHIBITED_IN"
"2475","1388","448","EXHIBITED_IN"
"2476","1420","140","EXHIBITED_IN"
"2477","1420","141","EXHIBITED_IN"
"2478","1422","140","EXHIBITED_IN"
"2479","1422","142","EXHIBITED_IN"
"2480","1425","140","EXHIBITED_IN"
"2481","1425","141","EXHIBITED_IN"
"2482","1428","140","EXHIBITED_IN"
"2483","1428","142","EXHIBITED_IN"
"2484","1292","504","EXHIBITED_IN"
"2485","1198","496","EXHIBITED_IN"
"2486","782","496","EXHIBITED_IN"
"2487","1154","496","EXHIBITED_IN"
"2488","1027","496","EXHIBITED_IN"
"2489","1144","496","EXHIBITED_IN"
"2490","1204","501","EXHIBITED_IN"
"2491","991","496","EXHIBITED_IN"
"2492","1249","498","EXHIBITED_IN"
"2493","598","506","EXHIBITED_IN"
"2494","739","496","EXHIBITED_IN"
"2495","883","503","EXHIBITED_IN"
"2496","1013","496","EXHIBITED_IN"
"2497","1305","500","EXHIBITED_IN"
"2498","567","497","EXHIBITED_IN"
"2499","1191","506","EXHIBITED_IN"
"2500","693","496","EXHIBITED_IN"
"2501","1435","505","EXHIBITED_IN"
"2502","554","506","EXHIBITED_IN"
"2503","1363","506","EXHIBITED_IN"
"2504","1249","496","EXHIBITED_IN"
"2505","1435","496","EXHIBITED_IN"
"2506","567","506","EXHIBITED_IN"